セクション,問題番号,問題文,解答
1,1,今から約1万年余り前を境にした更新世は、別に何時代とも呼ばれているか。,氷河時代
1,2,自然環境の変化に対応して成立した縄文文化の時代は、地質学上ではそれまでの更新世に対して何と呼ばれるか。,完新世
1,3,相沢忠洋によって発見され、日本の旧石器時代解明の端緒となった遺跡名を答えよ。,岩宿遺跡
1,4,岩宿遺跡が発見されて以来注目されるようになった、更新世に堆積した関東の赤土層を何というか。,関東ローム層
1,5,旧石器人の経済活動は、おもに植物性食料の採集と何であったか。次から1つ選べ。(A.農耕 B.放畜 C.狩猟 D.漁業),c
1,6,旧石器人が大型動物を捕らえるため、ナイフ形石器などとともに使用した石器を答えよ。,尖頭器
1,7,旧石器時代末に、中国東北部からシベリアで発達した小型の石器を何というか。,細石器
1,8,旧石器時代の打製石器に対し、縄文時代からつくられはじめた石器を何というか。,磨製石器
1,9,縄文時代に出現した、中・小型獣を射止める目的でつくられた狩猟具を何というか。,弓矢
1,10,縄文時代の人々の生活を知ることのできる、当時のゴミ捨て場を何というか。,貝塚
1,11,日本の近代考古学の始まりとなった、東京都の貝塚を答えよ。,大森貝塚
1,12,地面を掘りくぼめ、床部分の中央に炉を設け、柱を立てて屋根を葺いた縄文人の住まいを何というか。,竪穴住居
1,13,動物の骨や角などでつくられた、釣針・銛・ヤスなどの道具を何というか。,骨角器
1,14,たくさんの人々を収容することのできる、大型の竪穴住居群が発見されている青森県の遺跡を答えよ。,三内丸山遺跡
1,15,縄文時代の交易の証明となっている、石器の原材料でもある岩石は何か。,黒曜石
1,16,自然物や自然現象に霊魂が宿るという、縄文人の考え方を何というか。,アニミズム
1,17,アニミズムを示す遺物の例である、女性をかたどった人形を何というか。,土偶
1,18,土偶に対して男性を表現したと思われる遺物を答えよ。,石棒
1,19,通過儀礼の1つとして、成人の儀式の際などにおこなわれたと考えられる風習を答えよ。,抜歯
1,20,縄文時代の風習で、死者の四肢を折り曲げて葬る埋葬方法を何というか。,屈葬
2,1,通常2個の穴があり、穀物の穂をつみとる半円形の石器を何というか。,石包丁
2,2,収穫物を保存するためにつくられた、掘立柱の建築物を何というか。,高床倉庫
2,3,縄文時代の屈葬にたいし、弥生時代以降増加した埋葬形式を何というか。,伸展葬
2,4,弥生時代の墓制の1つで、方形の低い墳丘のまわりを溝で囲んだものを何というか。,方形周溝墓
2,5,九州北部に多くみられる、死者を葬るためにつくられた大型の土器の棺を何というか。,甕棺墓
2,6,九州北部などで、甕棺墓とともにみられる地に大石を配した墓を何というか。,支石墓
2,7,縄文時代にはみられなかった、居住域を溝で囲むなど防御機能をもった弥生時代の集落を何というか。,環濠集落
2,8,弥生時代に用いられた青銅製祭器で、近畿地方を中心に分布するものをあげよ。,銅鐸
2,9,弥生時代に用いられた青銅製祭器で、瀬戸内部を中心に分布するものをあげよ。,平形銅剣
2,10,弥生時代に用いられた青銅製祭器で、九州北部を中心に分布するものを2つあげよ。,銅矛
2,11,弥生時代になって各地につくられた、政治的なまとまりをもった集落の統合体を何と呼んだか。,クニ
2,12,当時の日本が、百余国のクニわかれていたという記事を載せている、漢(前漢)の歴史書をあげよ。,『漢書』地理志
2,13,唐以前の中国人は、日本人のことを何と呼んでいたか。,倭人
2,14,前漢の武帝が朝鮮半島に設けた4郡の1つで、現在のピョンヤン(平壌)を中心とした地域は何と呼ばれていたか。,楽浪郡
2,15,中国の歴史書にみえる、紀元57年に後漢の光武帝から印綬を受けた、九州北部にあった小国名を答えよ。,奴国
2,16,奴国の記事がみられる中国の歴史書を答えよ。,『後漢書』東夷伝
2,17,3世紀に29国ばかりの小国を従えて成立したと考えられ、その所在地が近畿か九州かで論争が古くからさる連合体を何というか。,邪馬台国
2,18,邪馬台国の女王とされる人物の名前を答えよ。,卑弥呼
2,19,卑弥呼の死後、混乱した邪馬台国の争いをおさめた女性を答えよ。,壱与
2,20,邪馬台国・卑弥呼・壱与の記事がみえる中国の歴史書をあげよ。,『魏志』倭人伝
3,1,大和地方を中心に広がり、ヤマト政権の国内統一と密接に関係していると考えられている高塚式古墳の名称を答えよ。,前方後円墳
3,2,5世紀のヤマト政権の盟主は何と呼ばれていたか。,大王
3,3,前期から中期の高塚式古墳にみられる石室は何と呼ばれるか。,竪穴式石室
3,4,竪穴式石室に対して、後期になると多くなった朝鮮半島の影響を受けた石室は何と呼ばれるか。,横穴式石室
3,5,前期の副葬品の中で、三国時代の魏から贈られたという説と、中国から渡来した工人が倭で製造したという説の、2説が研究されている銅鏡の名称を答えよ。,三角縁神獣鏡
3,6,日本列島の古墳の中で、2～3重の周濠をめぐらし、墳丘の長さ486mと日本最大の規模をもつ、大阪府堺市にある中期の古墳の名称を答えよ。,大仙陵古墳(仁徳天皇陵古墳)
3,7,直径木棺を埋めて、周囲を厚くねばりのある土でおおう古墳の内部施設を何というか。,粘土槨
3,8,古墳時代の後半に入って急増した、小型古墳の集合体を何というか。,群集墳
3,9,古墳の墳丘上に並べられた、素焼きの土製品を何というか。,埴輪
3,10,4世紀の初め、楽浪郡を滅ぼし朝鮮半島北部を領有した国家を答えよ。,高句麗
3,11,朝鮮半島南部で、馬韓諸国を統一して成立した国家を答えよ。,百済
3,12,朝鮮半島南部で、辰韓諸国を統一して成立した国家を答えよ。,新羅
3,13,かつて「弁韓」と呼ばれ、ヤマト政権とつながりをもっていた朝鮮半島南部の国を答えよ。,加耶(加羅)
3,14,辛卯の年からの、倭と高句麗の交戦が記録されている石碑を答えよ。,広開土王碑(好太王碑)
3,15,「倭王武の上表文」にみられる倭王武は何天皇とされているか。,雄略天皇
3,16,「倭の五王」の遣使が記録されている中国の歴史書を答えよ。,『宋書』倭国伝
3,17,ヤマト政権がかなり早い段階から弁韓の地と密接な関係をもっていたのは、ある資源の確保が目的であった。その資源とは何か。,鉄
3,18,仏教は、最初どの地域から日本に入ってきたか、1つ選べ。(A.東南アジア B.中央アジア C.インド D.朝鮮半島),Ⓓ
3,19,6世紀に渡来した五経博士が、日本に伝えた学問は何か。,儒教
3,20,五経博士はどこの国の人か、当時の国名で答えよ。,百済
4,1,古墳時代の豪族が営んだ、周囲に溝や柵列をめぐらした住まいを何というか。,居館
4,2,5世紀後になると、竪穴住居には朝鮮半島の影響を受けた煮炊き用の設備がつくられた。この設備を何というか。,カマド
4,3,弥生土器の製法が受け継がれた、古墳時代に作成された赤焼きの土器を何というか。,土師器
4,4,土師器に対して、5世紀からの朝鮮半島伝来の技術で作成された硬質の土器を何というか。,須恵器
4,5,豊作を神に祈る、春の祭りは何と呼ばれるか。,祈年の祭り
4,6,収穫を神に感謝する、秋の祭りは何と呼ばれるか。,新嘗の祭り
4,7,鹿の骨を焼いて、骨の割れ具合で吉凶を占うことを何というか。,太占の法
4,8,熱湯に手を入れさせ、手がただれるかどうかで主張の真偽を判断する神判の方法を何というか。,盟神探湯
4,9,ヤマト政権が、中央・地方の豪族を大王中心の支配下に組み入れる際の、各豪族に与えた政治的地位を示すものを何というか。,姓(カバネ)
4,10,6世紀に入り、地方の支配権をヤマト政権から認められた地方豪族の官職名は何か。,国造
4,11,中央の政治で、朝廷の政務や祭祀などの様々な職務を担当した中級豪族を何というか。,伴造
4,12,大化改新前の、豪族の私有地は何と呼ぶか。,田荘
4,13,大化改新前の、豪族の私有民は何と呼ぶか。,部曲
4,14,氏を構成する家々で、奴隷として使われていた階層を何と呼ぶか。,ヤツコ(奴婢)
4,15,朝廷が各地に設けた直轄地は何と呼ぶか。,屯倉
4,16,大王の直轄農民で、皇子のために設置したり、皇子などの名を付した部を何というか。,名代・子代
4,17,葛城氏・蘇我氏のように、大和地方を中心とした有力豪族に与えた、身分を示す称号を何というか。,臣
4,18,大伴氏・物部氏のように、特定の職能をもって朝廷に仕えた有力豪族に与えた、身分を示す称号を何というか。,連
4,19,伴造に従い、それぞれの職能で奉仕した部を何というか。,品部
4,20,6世紀の初め、新羅と結んで大規模な反乱をおこした筑紫の有力豪族は誰か。,磐井
5,1,6世紀初めの政治指導者で、やがて朝鮮外交の失敗で失脚した豪族は何氏か。,大伴氏
5,2,大伴氏が失脚したのち急速に勢力を伸ばし、6世紀中頃から激しく対立したのは何氏と何氏か。（順不同）,①物部氏 ②蘇我氏
5,3,6世紀末、勢力争いに勝利し政治権力を集中した大臣は誰か。,蘇我馬子
5,4,蘇我馬子が596年に完成した、日本ではじめて塔・金堂をもつ本格的伽藍をもつ寺院を答えよ。,飛鳥寺(法興寺)
5,5,蘇我馬子に滅ぼされた大連は誰か。,物部守屋
5,6,厩戸王(聖徳太子)を政治に関与させ、最初の女性天皇は誰か。,推古天皇
5,7,厩戸王が、豪族を官人に編成していくために制定した位階制度を何というか。,冠位十二階
5,8,厩戸王が、豪族たちに国家の官僚としての自覚を求め、新しい政治理念を示すために定めた決まりを何というか。,憲法十七条
5,9,憲法十七条にある、「二に曰く、篤く三宝を敬え。」という条文にある三宝とは具体的に何をさしているか。,仏教
5,10,厩戸王が、2度にわたり遣隋使として中国に派遣したのは誰か。,小野妹子
5,11,日本から遣隋使が派遣された頃の隋の皇帝は誰か。,煬帝
5,12,小野妹子に従い学問僧として入隋、新知識を持ち帰り政治に大きな影響を与えた僧は誰か。,呉
5,13,遣隋使の記事がみられる中国の歴史書をあげよ。,『隋書』倭国伝
5,14,618年、隋にかわって強大な帝国を築いた中国の王朝を答えよ。,唐
5,15,唐に日本から派遣されたのは誰か。,犬上御田鍬
5,16,6世紀から7世紀にかけて、政治や文化の中心となった飛鳥地方は現代の何県か。,奈良県
5,17,鞍作鳥の代表作品といわれる、北魏様式のきびしくおごそかな表情をもつ、法隆寺金堂の仏像を何というか。,釈迦三尊像
5,18,飛鳥建築をしのばせ、須弥座にすぐれた仏画が描かれている法隆寺の工芸品は何か。,玉虫厨子
5,19,高句麗の僧で、日本に彩色・紙・墨の技法を伝えたといわれているのは誰か。,曇徴
5,20,百済の僧で、日本に暦法を伝えたといわれているのは誰か。,観勒
6,1,大化改新は、西暦何年に始まったか。,645年
6,2,中大兄皇子を中心になって、蘇我親子を滅ぼし、王族中心の中央集権を目指した645年の事件を何というか。,乙巳の変
6,3,大化改新で、皇極天皇から譲位されるかたちで即位した天皇は誰か。,孝徳天皇
6,4,孝徳天皇により遷都された、645年から654年までの都を答えよ。,難波長柄豊碕宮
6,5,大化改新で、中臣鎌足が就任した役職は何か。,内臣
6,6,大化改新で、唐から周囲した高向玄理が就任した役職は何か。,国博士
6,7,大化改新の政策の1つにつき、豪族のもつ私有地・私有民の廃止があったが、廃止することによってどのような体制を目指したか漢字5字で答えよ。,公地公民制
6,8,660年に、唐と結んで百済を滅ぼした国はどこか。,新羅
6,9,新羅と唐の連合軍に日本が大敗した戦いを何というか。,白村江の戦い
6,10,中大兄皇子は即位して何天皇となったか。,天智天皇
6,11,天智天皇が即位する前年に遷都した都を答えよ。,近江大津宮
6,12,天智天皇のもとで作成された、わが国最初の全国戸籍を答えよ。,庚午年籍
6,13,天智天皇の時代に定められたといわれる法律は何か。,近江令
6,14,天智天皇の死後、皇位継承の争いがおきた。この争いを何というか。,壬申の乱
6,15,壬申の乱は西暦何年におきたか。,672年
6,16,壬申の乱で勝利した天智天皇の弟は誰か。,大海人皇子
6,17,大海人皇子が即位して何天皇になったか。,天武天皇
6,18,大海人皇子が即位した都を答えよ。,飛鳥浄御原宮
6,19,天武天皇が684年に制定し、皇室を中心とした新しい身分秩序を何というか。,八色の姓
6,20,国家の充実と財政の安定をはかるため、中国の制度にならって天武天皇が鋳造させた貨幣を何というか。,富本銭
7,1,天武天皇が編纂させた令を何というか。,飛鳥浄御原令
7,2,689年に飛鳥浄御原令を施行した天皇は誰か。,持統天皇
7,3,持統天皇により遷都された、中国の都城にならった本格的な宮都を答えよ。,藤原京
7,4,藤原京にみられる、東西・南北に走る道路で碁盤の目のように区画する、古代の都城制を何というか。,条坊制
7,5,藤原京が造営されたのはどこか、現在の都道府県名で答えよ。,奈良県
7,6,刑部親王とともに、飛鳥浄御原令を基礎にした新しい律令作成の中心となったのは誰か。,藤原不比等
7,7,藤原不比等や刑部親王らの手により完成した律令を答えよ。,大宝律令
7,8,大宝律令が完成したのは西暦何年か。,701年
7,9,大宝律令の完成後の西暦718年、藤原不比等が中心となって編集された律令は何か。,養老律令
7,10,律と令をそれぞれ行政法や民衆の統治を定めたものと①、刑法②に区分せよ。,①令 ②律
7,11,律令の官制で、太政官と並ぶもう1つの官を答えよ。,神祇官
7,12,大臣や参議など位階三位以上の者で、朝廷政治の最高構成員であったが、適任者がいなければおかれなかった官職は何か。,太政大臣
7,13,中央の警察組織で、風俗取締りや官人の監察に当たった役所を何というか。,弾正台
7,14,宮城の警備をおもな任務とする役所を総称して何というか。,五衛府
7,15,役人が、位階に応じた官職に任命されることを何というか。,官位相当制
7,16,五位以上の貴族の子、三位以上の子・孫には、父・祖父の位階に応じた一定の位階が与えられ、それに応じた官職に任命される特典があった。この制度を何というか。,蔭位の制
7,17,東西市司を設置し、京の一般民政をつかさどるためにおかれた官職は何か。,左右京職
7,18,外交の要地でもあったので、平安遷都にともない廃止されるまで、蔭位の制に準ずる要職として難波におかれた官職は何か。,摂津職
7,19,古くから九州北部におかれていた、九州全域を統轄する政府の出先機関は何か。,大宰府
7,20,畿内・七道の各国の長官として、中央政府から派遣された地方長官の官職名を答えよ。,国司
8,1,この時代の身分制度では、一般国民は一部の賤民と大部分の何と呼ばれる階層にわかれていたか。,良民
8,2,賤民は戸・官・私有あわせて5種類にわかれていたが、総称して何と呼ばれていたか。,五色の賤
8,3,律令の規定によると戸籍は何年ごとに作成されたか。,6年
8,4,当時の戸籍では、良民の17歳から65歳までの男性を年齢に従って3種類に分類しているが、この中で多くの負担が集中していた21〜60歳までの良民の男性は何と呼ばれたか。,正丁
8,5,地方組織である國・郡・里のうち、1里は何戸で構成されていたか。,50戸
8,6,班田収授法により、戸を単位として班給される田地を何というか。,口分田
8,7,口分田の班給を受ける年齢は何歳以上か。,6歳
8,8,班給される口分田の面積は、良民の男性の場合何段となるか。,2段
8,9,班給された口分田に課せられる税を何というか。,租
8,10,口分田にかかる税は1段につき稲2束2把であったが、これは収穫のおよそ何％に当たるか。次から1つ選べ。(①1% ②2% ③3% ④4% ⑤5%),©
8,11,郷土の産物を朝廷におさめる税を何というか。,調
8,12,都の10日間の労役のかわりに、布をおさめる税を何というか。,庸
8,13,21〜60歳までの良民は、労役のかわりにおさめる庸は何丈何尺か。,2丈6尺
8,14,国司の命令によって、水利工事や国府の雑用に一定期間奉仕する労役を何というか。,雑徭
8,15,おもに人頭税を負担させるための台帳として、毎年作成されたのは何か。,計帳
8,16,調・庸を都に運ぶ農民の負担を何というか。,運脚
8,17,国家が農民に春と夏に稲を貸し付け、秋の収穫時に高い利息とともに徴収する制度を何というか。,出挙(公出挙)
8,18,正丁の3〜4人に1人の割合で徴発された兵士を訓練した、諸国の組織を何というか。,軍団
8,19,軍団で訓練された兵士の一部がついた、宮城の警備に当たる兵士を何というか。,衛士
8,20,3年間の兵期で九州沿岸の防衛に当たった、東国出身の兵士は何と呼ばれたか。,防人
9,1,留学生として入唐し詩人としても活躍したが、船の遭難で帰国できないまま玄宗皇帝に仕えて一生を終えた人物は誰か。,阿倍仲麻呂
9,2,8世紀以降、遣唐使が危険な東シナ海横断の航路(南路)をとらなければならなくなるほど、政治的緊張が高まっていた朝鮮半島の国はどこか。,新羅
9,3,中国東北部にあって、727年から国交が開始されて以来約200年間、滅亡するまで友好的に通行した国はどこか。,渤海
9,4,平城京遷都は西暦何年か。,710年
9,5,平城京遷都の時の天皇は誰か。,元明天皇
9,6,平城京の都城建設の模範となったとされる唐の都を答えよ。,長安
9,7,都の北部中央にあって、天皇の生活の場である内裏や官庁がおかれた区画を何というか。,平城宮
9,8,左京・右京に設けられた官営の市を監督した役人は何と呼ばれたか。,市司
9,9,708年、唐にならって鋳造した貨幣を何というか。,和同開珎
9,10,10世紀まで国家によって13種類の銭貨が発行されたが、最後の銅銭は何か。,乾元大宝
9,11,711年に、銭貨の流通をはかるために出された法令は何か。,蓄銭叙位令
9,12,都と七道を結ぶために整備された交通路を何と呼んだか。,官道(駅路)
9,13,官人が公用に利用するため、官道(駅路)の約16kmごとに設けられた施設は何か。,駅家
9,14,中央から派遣された国司が、政治をおこなう拠点として設けられたのは何か。,国府(国衙)
9,15,支配地拡大のため、異民族として服従させた東北地方に住む人々を何と呼んだか。,蝦夷
9,16,斉明天皇の時代に、秋田などの北方の蝦夷を服属させたのは誰か。,阿倍比羅夫
9,17,712年、日本海側におかれた国をあげよ。,出羽国
9,18,724年に築かれ、出羽・陸奥の政治や蝦夷対策の拠点となったのはどこか。,多賀城
9,19,蝦夷と同じ異民族とされた、九州南部の人々を何と呼んだか。,隼人
9,20,中央政府が、隼人を服従させて713年においた国を答えよ。,大隅国
10,1,律令の制定に大きな役割を果たし、天皇家とも密接な関係を築いた藤原氏は誰か。,藤原不比等
10,2,藤原不比等が天皇家との関係を深めるため、皇太子に嫁がせた娘は誰か。,光明子
10,3,光明子が嫁いだ皇太子のちの何天皇か。,聖武天皇
10,4,藤原不比等が死去すると、皇族として政権を握った右大臣は誰か。,長屋王
10,5,長屋王を自殺に追い込んだ藤原不比等の4人の子(藤原4兄弟)たちが、流行した天然痘によってあいついで病死した混乱の中で、政権を握った皇族出身者は誰か。,橘諸兄
10,6,唐から帰国した僧①と学者②で、聖武天皇に信任されて活躍した人物をそれぞれあげよ。,①玄昉 ②吉備真備
10,7,①玄昉 ②吉備真備の2人を排除するため、九州で大規模な反乱をおこしたのは誰か。,藤原広嗣
10,8,仏教のもつ力によって、国家の安定をはかろうとする考え方を何思想というか。,鎮護国家の思想
10,9,聖武天皇が、諸国の政治・文化の中心とするため、国分寺建立の詔を出したのは西暦何年か。,741年
10,10,聖武天皇がさらに鎮護国家の思想を進めるために、743年に出した詔を答えよ。,大仏造立の詔
10,11,聖武天皇の娘である孝謙天皇の時代、皇太后と結んで政界で勢力を伸ばした藤原南家出身者は誰か。,藤原仲麻呂
10,12,太政大臣にまでのぼり権力を独占した藤原仲麻呂が、天皇から賜った名前を答えよ。,恵美押勝
10,13,重祚した称徳天皇の支持を得て太政大臣禅師、さらに法王となって権力を握り、仏教政治をおこなった僧は誰か。,道鏡
10,14,北家と式家が手を組んで、長く続いた天武天皇系の皇統にかわって擁立した、天智天皇の孫は何天皇か。,光仁天皇
10,15,西日本からしだいに広がった、竪穴住居にかわる平地式の住居を何というか。,掘立柱住居
10,16,口分田の不足をおぎない、税の増収をはかるため、722年に政府がとった政策は何か。,百万町歩の開墾計画
10,17,723年に出された、開墾した土地の部分的私有を認めた法令は何か。,三世一身法
10,18,743年に出された、政府が三世一身法にかえて土地の永久私有を認めた法令は何か。,墾田永年私財法
10,19,墾田永年私財法を背景にして拡大されていった、大規模な私有地を何というか。,初期荘園
10,20,奈良時代の困窮した農民の中には、口分田を捨てて、戸籍に登録された土地を離れ他国へさまよう者も出てきた。このような状況を何と呼ぶか。,浮浪
11,1,神話・伝承や推古天皇に至るまでの歴史を、漢字の音・訓を用いた日本語文で記した史書は何か。,古事記
11,2,宮廷に伝わる「帝紀」「旧辞」にもとづいて、その内容を筆録したのは誰か。,太安万侶(太安麻呂)
11,3,720年にできた『日本書紀』編纂の中心人物は誰か。,舎人親王
11,4,713年の命令によって、国ごとにつくられた地誌を何というか。,風土記
11,5,7世紀後半以降の漢詩をまとめた、現存最古の漢詩集を答えよ。,懐風藻
11,6,宮廷の歌人や貴族の歌だけでなく、東国の民衆たちがよんだ東歌や防人歌なども収録されている歌集は何か。,万葉集
11,7,官人養成のため、中央におかれた教育機関は何か。,大学
11,8,各地方につくられ、郡司の子弟が優先的に入学できた教育機関は何か。,国学
11,9,奈良の諸大寺で、インドや中国で生まれた様々な仏教理論が研究された結果生まれた諸学派を総称して何というか。,南都六宗
11,10,日本への渡航にたびたび失敗しながら、6度目で成功し、戒律を伝えた唐僧は誰か。,鑑真
11,11,国家から取締を受けながらも、民衆への布教や社会事業で多くの支持を得た僧は誰か。,行基
11,12,仏と神は同一であるという思想を何というか。,神仏習合
11,13,東大寺創建当初の建物で、数々の天平彫刻を安置している建築物をあげよ。,東大寺法華堂
11,14,東大寺法華堂の本尊を何というか。,不空羂索観音像
11,15,不空羂索観音像の彫刻様式を何というか,乾漆像
11,16,木を芯にして粘土を塗り固めた彫刻様式を何というか。,塑像
11,17,不空羂索観音像の左にあり、塑像の様式でつくられた仏像を答えよ。,日光・月光菩薩像
11,18,正倉院に伝わる、唐風の女性を描いた世俗画をあげよ。,鳥毛立女屏風(樹下美人図)
11,19,釈迦の前世と半生を描いた、のちの絵巻物の源流といわれる絵画をあげよ。,過去現在絵因果経
11,20,年代の確かな現存世界最古の印刷物といわれている工芸品をあげよ。,百万塔陀羅尼
12,1,平安遷都をおこなった天皇は誰か。,桓武天皇
12,2,桓武天皇によって、仏教政治の弊害を改め、天皇権力を強化するため、784年に遷都した山背国の宮都を答えよ。,長岡京
12,3,長岡京の造営が失敗した1つの原因となった、暗殺された長岡京造営の中心人物は誰か。,藤原種継
12,4,光仁天皇の時代に東北で反乱をおこし、一時は多賀城を占拠した蝦夷の豪族は誰か。,伊治呰麻呂
12,5,桓武天皇は紀古佐美を征東大使として大軍を送り込んだが失敗した。政府軍を大敗させた蝦夷の族長は誰か。,阿弖流為
12,6,桓武天皇によって征東大将軍に任命され、蝦夷の服属に成功したのは誰か。,坂上田村麻呂
12,7,東北経営の前進拠点であった鎮守府は多賀城からどこに移されたか。,胆沢城
12,8,国司が交代する際の事務引継ぎをきびしく監督するために、桓武天皇が設置した令外官は何か。,勘解由使
12,9,桓武天皇により、東北で九州などの地域を除いて軍団と兵士を廃止し、かわりにつくった郡司の子弟や有力農民の志願による、少数精鋭の兵士を何と呼ぶか。,健児
12,10,平城太上天皇が810年に、復位と平城遷都をはかり失敗した事件を何というか。,平城太上天皇の変(薬子の変)
12,11,平城太上天皇の変(薬子の変)がおきた時の天皇は誰か。,嵯峨天皇
12,12,嵯峨天皇が平城太上天皇の変(薬子の変)に際して設置した、天皇の命令をすみやかに太政官組織に伝えるための秘書官長を何というか。,蔵人頭
12,13,嵯峨天皇が設置した、平安京内の警察に当たる役職を何というか。,検非違使
12,14,式は律令の施行細則であるが、格とは何か。,律令の補足・修正
12,15,嵯峨天皇の命令で1つに編纂された格式は、弘仁格式と呼ばれたが、のちの貞観格式・延喜格式とあわせて何と呼ばれるか。,三代格式
12,16,負担の大きい成人男性を避け、負担の少ない女性として登録することを何というか。,偽籍
12,17,桓武天皇は班田収授を継続させるため、班田の期間をどのように改めたか。,12年に1回
12,18,財源確保のため、有力農民を使った直営方式をとった大宰府管内の田地を何というか。,公営田
12,19,公営田と同じ目的で、畿内に設けられた田地を何というか。,官田
12,20,公費で開墾された天皇の私有地を何と呼ぶか。,勅旨田
13,1,嵯峨・清和天皇の時代を中心とした、平安遷都から9世紀末頃までの文化を何というか。,弘仁・貞観文化
13,2,わが国最初の勅撰漢詩集をあげよ。,凌雲集
13,3,空海が作成した、日本で最初といわれる漢詩文制作のための詩論書を答えよ。,文鏡秘府論
13,4,明経道と並んで大学で重んじられた、中国の歴史・文学を学ぶ教科を何というか。,紀伝道(文章道)
13,5,有力な貴族が、一族の子弟に勉学の便宜をはかるために設置した寄宿舎を何というか。,大学別曹
13,6,最澄が唐より伝えた宗派名(①)と、その総本山に当たる寺院名(②)をあげよ。,①天台宗 ②(比叡山)延暦寺
13,7,大乗戒壇の設立に反対する南都諸宗への、最澄の反論書を何というか。,顕戒論
13,8,最澄の宗派はその後山門派(①)と寺門派(②)に分かれて長く対立を続けたが、両派のそれぞれの祖を答えよ。,①円仁 ②円珍
13,9,空海が唐より伝えた宗派名(①)と、その総本山に当たる寺院名(②)をあげよ。,①真言宗 ②(高野山)金剛峯寺
13,10,空海が嵯峨天皇から京都に賜った、通称東寺の正式名称を答えよ。,教王護国寺
13,11,空海が庶民教育の目的で、京都に設置した教育施設を答えよ。,綜芸種智院
13,12,現世利益を求めて盛んにおこなわれるようになった密教の呪術を何というか。漢字4字で答えよ。,加持祈禱
13,13,密教と山岳信仰が結びついて生まれた宗教を何というか。,修験道
13,14,山地を開いて建てた平安初期寺院建築の性格がみられる、金堂・五重塔が現存する奈良県の寺院の名称を答えよ。,室生寺
13,15,頭部と胴体が1本の木材でつくられる、この時期の彫刻技法を何というか。,一木造
13,16,大阪府の観心寺に現存する、木彫に乾漆を併用した密教彫刻を代表する坐像を答えよ。,如意輪観音像
13,17,神仏習合の風潮が広まってきたことを象徴する、奈良県薬師寺の神像彫刻をあげよ。,僧形八幡神像
13,18,仏の世界を特異な構図で説明する絵画を何というか。,曼荼羅
13,19,俗に黄不動と呼ばれる、神秘的な仏画の不動明王像が現存する滋賀県の寺院をあげよ。,園城寺
13,20,平安初期の唐風書道の3人の名人は、のちに何と称されたか。,三筆
14,1,摂関政治をおこなった藤原氏は、藤原不比等の4子が設立した南・北・京・式4家のうちのどれか。,北家
14,2,嵯峨天皇に接近し、北家発展の基礎をつくったのは誰か。,藤原冬嗣
14,3,藤原氏による、842年の他氏排斥事件を何というか。,承和の変
14,4,藤原氏による、866年の他氏排斥事件を何というか。,応天門の変
14,5,応天門の変ののち、正式の摂政に任命された藤原氏は誰か。,藤原良房
14,6,藤原良房が摂政に任命された時の天皇は誰か。,清和天皇
14,7,884年、はじめての関白になった藤原氏は誰か。,藤原基経
14,8,藤原基経が関白に就任した時の天皇は誰か。,光孝天皇
14,9,藤原基経は宇多天皇の出した勅書を888年に撤回させた。この事件を何というか。,阿衡の紛議
14,10,宇多天皇が、藤原氏をおさえるために登用した学者は誰か。,菅原道真
14,11,平安中期、2人の天皇により親政が実施され、後世、天皇政治の理想とされた。これをそれぞれの年号をとって何というか。,延喜・天暦の治
14,12,藤原氏の北家の勢力を不動なものにした、969年の他氏排斥事件を何というか。,安和の変
14,13,安和の変で大宰府に左遷された左大臣は誰か。,源高明
14,14,甥の伊周と関白を争ってこれに勝ち、4人の娘を次々と中宮（皇后）や皇太子妃として嫁がせることによって、北家の全盛期を出現させたのは誰か。,藤原道長
14,15,藤原道長の子で、3代の天皇の摂政・関白となったのは誰か。,藤原頼通
14,16,天皇を後見する資格の1つとして必要な、天皇の母方の親戚を何というか。,外戚
14,17,菅原道真の建議により、遣唐使が中止されたのは西暦何年か。,894年
14,18,唐滅亡後、五代十国の興亡を経て、10世紀中頃に中国を再統一した王朝をあげよ。,宋(北宋)
14,19,奈良時代以来、わが国と親交のあった渤海は、10世紀前半に、何に滅ぼされたか。,契丹(遼)
14,20,10世紀の初め、新羅を滅ぼして朝鮮半島を統一したのは何という国か。,高麗
15,1,平安初期、万葉仮名を草書体に崩し簡略化した日本語が生まれたが、これを何というか。,平がな
15,2,905年に、醍醐天皇の命で編集された最初の勅撰和歌集をあげよ。,古今和歌集
15,3,『源氏物語』の著者は誰か。,紫式部
15,4,清少納言が、宮廷生活の体験を随筆風に記した作品は何か。,枕草子
15,5,平安時代以降の、仏が本体で、神は仏が仮の姿に変えてこの世に現れたとする思想を何というか。,本地垂迹説
15,6,9世紀に始まった、怨霊や疫病の災厄を防ぐ目的の祭礼を何というか。,御霊会
15,7,10世紀半ばに、浄土の教えと念仏の功徳を京の市で庶民層に布教し、市聖と呼ばれた僧は誰か。,空也
15,8,『往生要集』の著者は誰か。,源信（恵心僧都）
15,9,日本では1052年を境に仏法が衰えるといわれ、浄土教の発達に重大な影響を与えた。こうした仏教の予言思想を何というか。,末法思想
15,10,平安時代に登場した、白木造・檜皮葺を特色とする貴族の住宅様式を何というか。,寝殿造
15,11,これまでの唐絵にかわって発達した、日本の風物を題材とした絵画を何というか。,大和絵
15,12,漆で文様を描き、金銀粉をまきつける漆工芸を何というか。,蒔絵
15,13,小野道風ら、和風書道の名手を総称して何と呼んでいるか。,三跡
15,14,藤原頼通が、宇治の別荘に建立した阿弥陀堂建築を何というか。,平等院鳳凰堂
15,15,平等院鳳凰堂の本尊である、阿弥陀如来像をつくった仏師は誰か。,定朝
15,16,定朝が完成したといわれる、新しい仏像彫刻様式を何というか。,寄木造
15,17,往生しようとする人を仏が迎えにくる場面を描いた絵画を何というか。,来迎図
15,18,平安時代、貴族たちが日常出勤で着用した正装を何と呼ぶか。,束帯
15,19,平安時代、宮中の女性の正装で、唐衣や裳をつけた朝服を何と呼んだか。,女房装束（十二単）
15,20,10歳から15歳ぐらいでおこなう、男性の成人儀式を何と呼ぶか。,元服
16,1,902年に出された、違法な土地所有を禁じた法令を何というか。,延喜の荘園整理令
16,2,年貢や公事などの課税対象となる、徴税単位に分けられた田地を何というか。,名
16,3,名などの田の耕作を、現地に着任した国司から請け負わされた有力農民を何というか。,田堵
16,4,私財を出して朝廷儀式の運営や寺社の造営などを請け負い、その代償として官職に任じてもらうことを何というか。,成功
16,5,成功によって、より収入の多い官職に再任してもらうことを何というか。,重任
16,6,現地に着任した国司が事務をとった役所を何というか。,国衙(国府)
16,7,国司が任国に赴任しない場合、かわりに派遣される代理人を何というか。,目代
16,8,任国に赴任せずに、目代を派遣してその収入を得ることを何というか。,遙任
16,9,赴任しない国司に対して、着任する国司を何と呼ぶか。,受領
16,10,目代や受領から世襲的に任じられ、その国の政治をおこなった在地の有力者を何と呼ぶか。,在庁官人
16,11,988年、悪政非行の受領を罷免してほしいと、尾張の百姓たちが朝廷に嘆願した訴状を何というか。,尾張国郡司百姓等解
16,12,尾張国郡司百姓等解で訴えられた受領は誰か。,藤原元命
16,13,11世紀、地方豪族の中で一定の領域を開発し、それぞれの支配権を強めていった各地の有力者は何と呼ばれたか。,開発領主
16,14,開発領主は上位者の圧迫を免れるため、中央の権門勢家にその所有権を差し出した。このような荘園を何というか。,寄進地系莊園
16,15,寄進地系荘園になっても、現地を実質的に支配している開発領主を何というか。,莊官
16,16,寄進地系荘園の名目上の所有権をもつ貴族・寺社を何というか。,領家
16,17,領家より上級の名義上の所有者を何というか。,本家
16,18,荘園が政府から、官物や臨時雑役等の免除を承認してもらうことを何というか。,不輸
16,19,国内の耕作状況を調査し、官物や臨時雑役の負担量を定めるため派遣された使者を何というか。,検田使
16,20,検田使の立ち入りを拒否することのできる権利を何というか。,不入
17,1,武装した地方豪族や土着国司の子孫たちが、結束を強めるためにつくった連合体を何というか。,武士団
17,2,武士団の首長である主人(惣領)に従った、分家・庶子など一族の武士を何というか。,家子
17,3,家子の下部組織に当たる、家子が率いた一族以外の武士を何というか。,郎等(郎党・郎従)
17,4,関東地方に早くから土着した平氏の祖に当たる天皇は誰か。,桓武天皇
17,5,清和源氏の由来となった、源姓を与えられた清和天皇の孫は誰か。,源経基
17,6,東国に土着した平氏一門で、一族と死闘を繰り返すうちに国司に反抗していた豪族と手を結び、10世紀前半に大きな反乱をおこしたのは誰か。,平将門
17,7,平将門の反乱の拠点となったのはどこか。当時の国名で答えよ。,下総国
17,8,下総国は現在の何県か。,千葉県
17,9,東国の大部分を征服した平将門は、みずからを何と称したか。,新皇
17,10,平将門を討った、平将門の従兄弟の東国武士は誰か。,平貞盛
17,11,平将門の反乱と同じ頃、瀬戸内海の海賊を率いて反乱をおこしたのは誰か。,藤原純友
17,12,藤原純友は、もとはどこの国の国司だったか。,伊予国
17,13,伊予国は現在の何県か。,愛媛県
17,14,平将門の乱と、藤原純友の乱をまとめて何と呼ぶか。,天慶の乱
17,15,源氏や平氏のような、巨大戦闘集団の統率者を何と呼ぶか。,棟梁
17,16,摂津に土着して、摂関家と深く結びつくことによって勢力を伸ばしていき、清和源氏発展の基礎をつくったのは誰か。,源満仲
17,17,源氏が東国へ進出する足掛かりとなった、1028年の上総で発生し房総半島全域に広がった反乱を何というか。,平忠常の乱
17,18,平忠常の乱を平定して名をあげた源氏の武将は誰か。,源頼信
17,19,沿海地方に住む刀伊が、九州北部に来襲したのは西暦何年か。,1019年
17,20,九州の武士たちを率いてこれを撃退したのは誰か。,藤原隆家
18,1,国司が直接支配する田地を何というか。,公領(国衙領)
18,2,国司によって公領は新たに3つの教区単位に再編成された。その3つを答えよ。,郡・郷・保
18,3,1068年に即位した、ときの現状・関白を外戚としない天皇は誰か。,後三条天皇
18,4,荘園の増加が、国司の支配する田地を圧迫することを心配して後三条天皇が出した、荘園を制限する法令は何か。,延久の荘園整理令
18,5,延久の荘園整理令の実施のため、大政官に設けられた役所を何というか。,記録荘園券契所(記録所)
18,6,後三条天皇の補佐役として登用された学者は誰か。,大江匡房
18,7,荘園や公領でその権利を強めた有力農民は、この頃から何と呼ばれはじめたか。,名主
18,8,名主が領主におさめた負担のうち、手工業品や特産品を何というか。,公事
18,9,公事や年貢とともに、名主が負担した労役を何というか。,夫役
18,10,11世紀半ばの、陸奥でおきた豪族の反乱を何というか。,前九年合戦
18,11,源氏に協力して一族の内紛を制圧し、東北地方に奥州藤原3代の栄華のもとをつくったのは誰か。,藤原(清原)清衡
18,12,上皇として院政を始めたのは誰か。,白河上皇
18,13,院政を執行する役所を何というか。,院庁
18,14,院庁から出される公文書を何というか。,院庁下文
18,15,上皇の命令で院より直接出された、天皇の詔勅や宣旨に相当するものを何というか。,院宣
18,16,白河上皇の時代に設置された、院の警備を目的とした武装組織を何と呼ぶか。,北面の武士
18,17,出家した上皇は何と呼ばれたか。,法皇
18,18,白河上皇以来、歴代の上皇の厚い信仰によリ造立された、「勝」の字がつく寺院を総称して何というか。,六勝寺
18,19,六勝寺の中で、白河上皇が建立した寺院を何というか。,法勝寺
18,20,院政時代の上皇たちが、高野詣とともにしばしばおこなった、紀伊山中への参詣を何というか。,熊野詣
19,1,上級貴族に一国の支配権を与え、その国からの収益の一部を取得する制度を何というか。,知行国の制度
19,2,上皇自身が一国の収益の大部分を握る制度を何というか。,院分国の制度
19,3,奥州藤原3代の根拠地となったのは、陸奥国のどこか。,平泉
19,4,伊賀・伊勢を地盤とした桓武平氏の一族で、出雲で反乱をおこし源義親を討って武名をあらわした伊勢平氏は誰か。,平正盛
19,5,崇徳上皇と後白河天皇の対立からおきた争いを何というか。,保元の乱
19,6,1159年におきた、平清盛に対する源氏の挙兵を何というか。,平治の乱
19,7,清盛が外戚として権勢をふるうために、天皇の中宮として入れた清盛の娘は誰か。,徳子(建礼門院)
19,8,徳子(建礼門院)を母とし、清盛を外祖父とする天皇は誰か。,安徳天皇
19,9,清盛が日宋貿易のため、摂津に修築した港をあげよ。,大輪田泊
19,10,清盛が、各地の有力武士団の一部を任命した、荘園や公領の現地支配者は何と呼ばれたか。,地頭
19,11,後白河上皇によって編まれた、今様などの民間の歌謡集を何というか。,梁塵秘抄
19,12,田楽とともに、庶民のみならず貴族のあいだにも流行した芸能は何か。,猿楽
19,13,武士や庶民の活動・生活の様子が描かれた、平安末期の説話集をあげよ。,今昔物語集
19,14,東国における10世紀の武士の反乱を素材にした、最初の軍記物語をあげよ。,将門記
19,15,浄土教思想を全国に広めた民間の布教者で、寺院に所属していない僧の呼び名の1つを答えよ。,聖(上人)
19,16,奥州藤原氏が根拠地に建てた、中尊寺の現存する遺構を答えよ。,金色堂
19,17,詞書と絵をおりまぜながら、人物の動きや場面の展開を表現した絵画を何というか。,絵巻物
19,18,応天門の変を素材にして描かれた絵巻物をあげよ。,伴大納言絵巻
19,19,平氏一門の繁栄御礼のために、清盛が安芸の神社におさめた装飾経を何というか。,平家納経
19,20,平家納経が奉納された神社を答えよ。,厳島神社
20,1,1180年、平氏打倒の兵をあげた後白河法皇の皇子は誰か。,以仁王
20,2,以仁王に応じた、畿内に挙兵をおこなった源氏は誰か。,源頼政
20,3,各地で挙兵した源氏で、信濃の木曽谷を拠点としていたのは誰か。,源義仲
20,4,以仁王の挙兵以来、5年にわたって続いた争乱を何というか。,治承・寿永の乱
20,5,全国的な内乱に対応するため、平清盛が遷都した都を答えよ。,福原
20,6,福原への遷都に対して大寺院や貴族の反対が強く、およそどれくらいで都を京都に戻したか。次から1つ選べ。(a.1か月、b.3か月、c.6か月、d.12か月),c
20,7,1185年、平氏が滅亡したのは長門国のどこか。,壇ノ浦
20,8,平氏の滅亡後、源頼朝と激しく対立した頼朝の弟は誰か。,源義経
20,9,源義経追討を目的として、諸国(a)や荘園・公領(b)に設置の許可を得た役職は何か。,a守護 b地頭
20,10,1192年、頼朝が任命されて以降、武家政権の統率者の地位を示す官職となったのは何か。,征夷大将軍
20,11,御家人を組織し統制する機関は何か。,侍所
20,12,一般政務や財政事務をつかさどる機関は何か。,公文所(政所)
20,13,裁判事務を担当する機関は何か。,問注所
20,14,将軍が御家人に、先祖以来の所領の支配を保障することを何というか。,本領安堵
20,15,将軍が御家人に、新たな所領を与えることを何というか。,新恩給与
20,16,本領安堵や新恩給与の御恩に対して、御家人の京都・鎌倉の警備や戦時の軍役などをいうか。,奉公
20,17,治安の維持や警察権の行使など、平時の守護の職務を総称して何というか。,大犯三ヵ条
20,18,大犯三ヵ条の中で、諸国の御家人に天皇・院の御所の警備を催促することを何というか。,京都大番役の催促
20,19,主人と従者が、御恩と奉公の関係によって結ばれる制度を何というか。,封建制度
20,20,頼朝自身が所有した、平家没官領をはじめとする大量の支配地を何というか。,関東御領
21,1,源頼朝の死後、2代将軍になったのは誰か。,源頼家
21,2,幕府の実権を握るため2代将軍を廃し、その弟を擁立した伊豆の在庁官人出身の人物は誰か。,北条時政
21,3,北条時政の地位は何と呼ばれていたか。,執権
21,4,北条時政の地位を継承し、侍所の長官を滅ぼして、侍所と政府の長官を兼任することでその地位を固めた北条時政の子は誰か。,北条義時
21,5,3代将軍となった源頼家の弟は誰か。,源実朝
21,6,頼朝の妻で、2・3代将軍の母親は誰か。,北条政子
21,7,院政を強化し、朝廷の勢力を挽回する動きを強めた院の中心人物は誰か。,後鳥羽上皇
21,8,後鳥羽上皇が、軍事力の増強をはかるため設置したのは何か。,西面の武士
21,9,1221年、後鳥羽上皇は北条義時追討の兵をあげたが、幕府は大軍を送って京都を攻め、1か月ののちに幕府の圧倒的な勝利に終わった。この戦いを何というか。,承久の乱
21,10,承久の乱のあと、京都の警備を強化するため、京都守護のかわりにおかれたのは何か。,六波羅探題
21,11,承久の乱のあと、3代の執権になったのは誰か。,北条泰時
21,12,北条泰時により設置された、北条氏一門の有力者をこれにあて、執権を補佐した役職を何というか。,連署
21,13,有力な御家人や政務にすぐれた者を任命し、合議制にもとづいて幕府の政治や裁判に当たった役職とは何か。,評定衆
21,14,頼朝以来の先例や道理を明文化したので、武家独自の最初の整った法典をあげよ。,御成敗式目(貞永式目)
21,15,3代執権の孫で、その政策を受け継いだ5代執権は誰か。,北条時頼
21,16,北条時頼が設置した、御家人などの所領に関する訴訟を専門に担当させた役職は何か。,引付
21,17,一族の子弟・子女に分け与えることを原則とした、武家の相続法を何というか。,分割相続
21,18,武士の家で、宗家(本家)の代表は何と呼ばれたか。,惣領(家督)
21,19,荘園領主たちが武家方との紛争解決のため、荘園現地の管理いっさいを武家方に任せて一定の年貢納入を約束させた制度を何というか。,地頭請所
21,20,地頭請所が守られないため、現地を折半し相互の支配権を認め合う取決めに変化した。これを何というか。,下地中分
22,1,13世紀初め、モンゴル高原に住むモンゴル諸民族を統合したのは誰か。,チンギス=ハン
22,2,チンギス=ハンの孫で都を大都に移し、国号を元と定めた皇帝は誰か。,フビライ(クビライ)
22,3,モンゴル襲来の時の、鎌倉幕府8代執権は誰か。,北条時宗
22,4,1274年の元の襲来を何というか。,文永の役
22,5,1281年の元の襲来を何というか。,弘安の役
22,6,元の襲来に備え、九州の御家人に命じた沿岸警備の役を何というか。,異国警固番役
22,7,モンゴル襲来後、幕府は西国防備を強化するため、これまでの組織を拡大・強化し名称を改めた。新しい名称を何というか。,鎮西探題
22,8,北条氏の中で、家督を継ぐことのできる嫡流の当主を何というか。,得宗
22,9,得宗の家臣団と、古くからの有力御家人たちの対立が表面化した1285年の事件は何か。,霜月騒動
22,10,畿内・山陽道などの先進地域では、秋に米、春に麦というように同じ土地に1年間に2回収穫することが始まった。こうした生産方法を何というか。,二毛作
22,11,鎌倉時代に、農耕のための利用が始まった家畜は何か。,牛馬
22,12,鎌倉時代に、一部の地域で始まった3回の定期市を何というか。,三斎市
22,13,中央から地方の市場などに、織物や工芸品を運んでる業者を何と呼んだか。,行商人
22,14,平安時代の後半から結成されはじめた、同業者の団体を何というか。,座
22,15,交通の要地に発達し、商品の保管・輸送に当たった業者を何というか。,問(問丸)
22,16,平安末期から多く輸入され、鎌倉時代の貨幣経済を発達させた中国の貨幣をあげよ。,宋銭
22,17,鎌倉時代に始まった、遠隔地間の金銭の輸送、貸借の決済に手形をもってする方法を何というか。,為替
22,18,鎌倉時代に登場した高利貸業者を何というか。,借上
22,19,売却後20年未満の土地は無償返却するなど、幕府が御家人所領の売買・質入に関して定めた法令を何というか。,永仁の徳政令
22,20,畿内やその周辺に生まれた、武力で既成の権威に抵抗しはじめた武士を何というか。,悪党
23,1,浄土教の流れをくむ、浄土宗の開祖は誰か。,法然
23,2,法然が主張した、ひたすら南無阿弥陀仏をとなえれば、死後は平等に極楽に往生できるという教えを漢字4字で答えよ。,専修念仏
23,3,法然の弟子で、浄土真宗の開祖は誰か。,親鸞
23,4,親鸞の教えである、煩悩の深い人間こそが阿弥陀仏の救おうとする対象であるという考えを漢字4字で答えよ。,悪人正機
23,5,善人・悪人や信心の有無を問うことなく、すべての人が救われるという教えを説き、地方の武士や庶民の支持を受けた時宗の開祖は誰か。,一遍
23,6,時宗の開祖が、教えを広めるためにとった手段は何か。,踊念仏
23,7,関東の武士層や商工業者を中心に広まった法華宗の開祖は誰か。,日蓮
23,8,日蓮は何をとなえることによって救われると説いたか。漢字2字で答えよ。,題目
23,9,禅宗では、釈迦の境地に近づくために、みずからをどのような方法で鍛錬するかを主張しているか。漢字2字で答えよ。,坐禅
23,10,臨済宗の開祖は誰か。,栄西
23,11,栄西が開いた臨済宗の中心寺院をあげよ。,建仁寺
23,12,南宋から来日した蘭渓道隆が5代執権北条時頼の支援を得て開いた寺院をあげよ。,建長寺
23,13,南宋から来日し、8代執権北条宗の支援を得て円覚寺を開いた僧は誰か。,無学祖元
23,14,道元を開祖とする禅宗の宗派を何というか。,曹洞宗
23,15,曹洞宗の宗派の中心寺院を何というか。,永平寺
23,16,鎌倉時代の初め頃、南都仏教の復興に力を注いだ法相宗の僧は誰か。,貞慶
23,17,貞慶と同じく、旧仏教の再興につとめた華厳宗の僧は誰か。,明恵(高弁)
23,18,戒律を重んじるとともに、貧しい人々や病人の救済・治療に当たり、奈良に病人救済施設をつくるなど、多くの人々に影響を与えた律宗の僧は誰か。,忍性(叡尊)
23,19,鎌倉仏教の影響を受け、伊勢神道と呼ぶ独自の神道運動を展開した、伊勢外宮の神官は誰か。,度会家行
23,20,度会家行がとなえた、神を主として仏を従とする神道説を何というか。,神本仏迹説
24,1,武士の家に生まれたが、出家して平安時代末期の変動する諸国を遍歴し、多くの秀歌を集めた『山家集』を残したのは誰か。,西行
24,2,人間も社会も転変してすべてはむなしいと説いた、鴨長明の作品は何か。,方丈記
24,3,『愚管抄』で歴史を貫く原理を探り、道理による歴史の解釈を試みたのは誰か。,慈円
24,4,後鳥羽上皇の命により編纂された勅撰和歌集を答えよ。,新古今和歌集
24,5,後鳥羽上皇の影響を受け、万葉調の歌をよんだ3代将軍源実朝の歌集をあげよ。,金槐和歌集
24,6,琵琶法師によって平曲として語られたことにより、文字を読めない人々にも広く親しまれた軍記物語をあげよ。,平家物語
24,7,鎌倉文化の特色がよく表されている、兼好法師の広い見聞と鋭い観察眼にもとづいた随筆の名作をあげよ。,徒然草
24,8,朝廷の儀式・先例を研究する学問を何というか。,有職故実
24,9,和漢の書物を集めて、金沢文庫の基礎をつくったのは誰か。,金沢実時
24,10,鎌倉幕府の歴史を編年体で記した史書は何か。,吾妻鏡
24,11,鎌倉時代末期に伝えられ、大義名分論で主従関係に大きな影響を与えた儒学の1つを何というか。,宋学(朱子学)
24,12,源平争乱により焼失した奈良の諸寺を復興するため、寄付を仰いで各地をまわり、東大寺再建に尽力した僧は誰か。,重源
24,13,東大寺再建のための、雄大で豪放な建築様式を何というか。,大仏様
24,14,細かな部材の組み合わせを特徴とする、禅宗寺院の建築様式を何というか。,禅宗様(唐様)
24,15,大陸伝来の構築法と、日本的な美しさをもつ和様が一体化した建築法を何というか。,折衷様
24,16,力強い写実性や豊かな人間味を作風とする奈良仏師親子で、すぐれた作品を残している父親は誰か。,運慶
24,17,運慶とともに金剛力士像の作成を分担したのは誰か。,快慶
24,18,写実的な個人の肖像画を何というか。,似絵
24,19,禅僧の肖像画を何というか。,頂相
24,20,尊円入道親王が、宋の書風を取り入れて創始した書道の流派を何というか。,青蓮院流
25,1,後醍醐天皇の死後、皇室は皇位の継承や天皇家領荘園の相続などをめぐって分裂した。そのうち後深草上皇の系統を何というか。,持明院統
25,2,持明院統に対して、亀山天皇の系統を何というか。,大覚寺統
25,3,幕府による調停の結果、2つの系統が交代で皇位につく方式がとられるようになった。この方式を何というか。,両統迭立
25,4,執権北条高時のもとで、内管領として幕府の実権を握っていた人物は誰か。,長崎高資
25,5,後醍醐天皇の討幕計画は2度とも失敗した。1度目の討幕計画を何というか。,正中の変
25,6,正中の変が勃発したのは西暦何年か。,1324年
25,7,また、2度目の倒幕計画を何というか。,元弘の変
25,8,鎌倉幕府が滅亡したのは西暦何年か。,1333年
25,9,1333年に鎌倉を攻め落とした武将は誰か。,新田義貞
25,10,同じく六波羅探題を攻め落とした武将は誰か。,足利高氏(尊氏)
25,11,建武の新政において、重要政務を担当した機関は何か。,記録所
25,12,建武の新政において、所領関係の裁判を担当した機関は何か。,雑訴決断所
25,13,高時の子時行が、鎌倉幕府の再興を目指しておこした反乱を何というか。,中先代の乱
25,14,中先代の乱が勃発したのは西暦何年か。,1335年
25,15,京都を制圧した足利高氏(尊氏)によって、1336年に擁立された天皇は誰か。,光明天皇
25,16,1336年に、足利高氏(尊氏)が発表した政治方針を何というか。,建武式目
25,17,足利高氏(尊氏)が征夷大将軍に任じられ、新しく幕府を開いたのは西暦何年か。,1338年
25,18,1350〜52年にかけて、北朝方の内部で激しい対立・抗争が続いた。それは何か。,観応の擾乱
25,19,後醍醐天皇に仕えた南朝方の政治・軍事の中心的存在であり、『神皇正統記』や『職原抄』などを著したのは誰か。,北畠親房
25,20,この頃、武家社会で一般的になった所領の相続方法を何というか。,単独相続
26,1,足利尊氏は軍費調達の権限(荘園や公領の年貢の半分を徴発する権限)を守護たちに認めた。そのために発布した法令を何というか。,半済令
26,2,半済令がはじめておこなわれた観応3年とは西暦何年か。,1352年
26,3,荘園や公領の領主が、年貢の徴収を守護に請け負わせる方法を何というか。,守護請
26,4,地頭などの領主で、この頃、自主的な地域権力をつくりあげた地方在住の武士を何というか。,国人
26,5,国人たちは互いに契約をして一致団結した集団を結成した。これを何というか。,国人一揆
26,6,尊氏の孫で、3代将軍は誰か。,足利義満
26,7,足利義満は京都の室町に壮麗な邸宅をつくり、ここで政治をおこなった。この邸宅を何というか。,室町殿(花の御所)
26,8,室町幕府の直轄軍は何と呼ばれたか。,奉公衆
26,9,南北朝の合体は西暦何年に実現したか。,1392年
26,10,室町幕府にあって、将軍の補佐役として中央諸機関を統轄した職を何というか。,管領
26,11,官領に任命された3氏のことを何というか。,三管領
26,12,室町幕府にあって、京都府内外の警備・刑事裁判に当たった機関は何か。,侍所
26,13,侍所の長官に任命された4氏のことを何というか。,四職
26,14,室町幕府の地方機関で、関東など10カ国を統轄した機関は何か。,鎌倉府(関東府)
26,15,鎌倉府(関東府)の長官を何というか。,鎌倉公方(関東公方)
26,16,尊氏によって初代の鎌倉公方(関東公方)に任命されたのは誰か。,足利基氏
26,17,鎌倉公方(関東公方)を補佐する職を何というか。,関東管領
26,18,将軍の直轄軍を何というか。,御料所
26,19,室町幕府が土倉業者に課した税を何というか。,土倉役
26,20,室町幕府において、田の面積に応じて臨時に課せられた税を何というか。,段銭
27,1,14世紀、朝鮮半島や中国大陸の沿岸で活動した日本人中心の海賊集団を何というか。,倭寇
27,2,その当時、朝鮮半島を支配していた王朝名を記せ。,高麗
27,3,足利尊氏が、後醍醐天皇の冥福を祈るために建立した寺院の名を記せ。,天龍寺
27,4,その寺院建立を勧めた僧は誰か。,夢窓疎石
27,5,足利義満が、明に使者を派遣して国交を開いたのは西暦何年か。,1401年
27,6,中国で漢民族の王朝である明を建国したのは誰か。,朱元璋(太祖洪武帝)
27,7,第1回遣明船の正使は誰か。,祖阿
27,8,日明貿易において、明が交付した証票のことを何というか。,勘合
27,9,日明貿易が従属的であることに反対して、貿易を中断した4代将軍は誰か。,足利義持
27,10,将軍が明の皇帝に送る公式文書にどのような署名をしていたか。,日本国王臣源
27,11,16世紀に中国で大内・細川両氏の派遣した船が対立しておこした紛争を何というか。,寧波の乱
27,12,寧波の乱は応仁何年に勃発したか。,1523年
27,13,朝鮮半島では1392年に王朝が交代した。新王朝を建国したのは誰か。,李成桂
27,14,日朝貿易の主要貿易品のうち、国内需要が多く大量に輸入されたものは何か。,木綿
27,15,日朝貿易で重要な役割を担った対馬の領主は何氏か。,宗氏
27,16,15世紀後半に朝鮮軍が対馬を襲撃した出来事を何というか。,応永の外寇
27,17,富山浦などに住む日本人居留民がおこした暴動で、日朝貿易衰退のきっかけとなったものは何か。,三浦の乱
27,18,1429年に沖縄の三山を統一して新王国を建国したのは誰か。,尚巴志
27,19,尚巴志によってつくられた統一王国名を記せ。,琉球王国
27,20,1457年、北海道南部の和人居住地を攻め落としたアイヌの大首長は誰か。,コシャマイン
28,1,1439年、将軍足利義教は反抗的な鎌倉公方を討ち滅ぼした。この事件を何というか。,永享の乱
28,2,永享の乱で討たれた鎌倉公方は誰か。,足利持氏
28,3,足利義教はその後も有力守護を弾圧したため、ついに1441年、その1人に殺害された。この事件を何というか。,嘉吉の変
28,4,嘉吉の変の事件で足利義教を殺害した有力守護とは誰か。,赤松満祐
28,5,応仁の乱の始まりは西暦何年か。,1467年
28,6,応仁の乱を誘発した当事者の1人、将軍足利義政の弟の名を記せ。,足利義視
28,7,西軍の中心となった幕府の実力者は誰か。,山名持豊(宗全)
28,8,同じく、幕府の実力者で東軍の中心となった将は誰か。,細川勝元
28,9,下の者が上の者の勢力をしのいでいく、戦国時代の頃の現象を何というか。,下剋上
28,10,南北朝時代に各地に広がっていった、農民たちの自立的・自治的な村を何というか。,惣(惣村)
28,11,また、そうした村を構成する村民を何というか。,惣百姓
28,12,村民が村を自治的に運営するための協議・決定機関を何というか。,寄合
28,13,1428年、農民勢力が、一部の都市民や困窮した武士とともに、京都の高利貸業を襲った騒動を何というか。,正長の徳政一揆
28,14,1441年、「代始めの徳政」を要求して京都でおこった騒動で、ついに幕府が徳政令を発布するに至った一揆を何というか。,嘉吉の徳政一揆
28,15,1485年、幕府のひざ元で国人たちが畠山氏の軍を国外に退去させた騒動を何というか。,山城の国一揆
28,16,1488年、北陸で本願寺門徒が国人と手を結び、守護を倒した騒動を何というか。,加賀の一向一揆
28,17,加賀の一向一揆の時、倒された守護は誰か。,富樫政親
28,18,応仁の乱ののちに一般化した一揆の時期は何と呼ばれたか。,六斎市
28,19,幕府や戦国大名などが、貨幣の円滑な流通をはかるために発行した法令は何か。,撰銭令
28,20,酒屋などの富裕な商工業者には、高利貸を兼ねる者が多かった。このような高利貸業者を何というか。,土倉
29,1,北畠親房が南朝の立場から、皇位継承の道理を説いた歴史書は何か。,神皇正統記
29,2,南北朝の動乱の全体を描いた軍記物語は何か。,太平記
29,3,足利氏の政権獲得までの過程を、武家の立場から記した歴史書は何か。,梅松論
29,4,足利尊氏の厚い帰依と保護を受け、臨済宗栄西に寄与した僧は誰か。,夢窓疎石
29,5,足利義満の時代に南宋の官寺の制に倣って完成した臨済宗寺院の将軍御所は何か。,五山・十刹の制
29,6,五山・十刹の制の寺院のうちで、京都臨済宗最高の寺格をもつ寺の名を記せ。,南禅寺
29,7,猿楽能を完成した父子のうち、子の名を記せ。,世阿弥
29,8,世阿弥が能の真髄を述べた理論書の名を記せ。,風姿花伝(花伝書)
29,9,墨の濃淡で自然や人物を象徴的に表現する絵を何というか。,水墨画
29,10,水墨画のうち、「瓢鮎図」を描いた画僧は誰か。,如拙
29,11,禅問答を表す日本的な水墨画様式を創造し、「秋冬山水図」や「四季山水図巻」を描いた画僧は誰か。,雪舟
29,12,水墨画に伝統的な大和絵の手法を取り入れ、新しい流派をおこした父子の名を記せ。,狩野正信・狩野元信
29,13,義満が北山に建てた楼閣を、寺院名とともに記せ。,鹿苑寺金閣
29,14,足利義政が東山に建てた楼閣を、寺院名とともに記せ。,慈照寺銀閣
29,15,室町時代に成立し、近代の和風住宅の原型となった建築様式は何か。,書院造
29,16,岩石と砂利を組み合わせて象徴的な自然をつくり出す作庭様式を何というか。,枯山水
29,17,枯山水の代表例として、咲谷を発した水が大河となって流れていく全景を象徴的に表現した庭園が京都にある。それはどこにあるか、寺院名とともに記せ。,大徳寺大仙院
29,18,茶と禅の精神の統一を主張し、茶室で心の静けさを求める茶の湯の祖は誰か。,侘茶
29,19,有職故実の学問や古典研究に力を入れ、『公事根源』や『花鳥余情』を著す一方、太政大臣に昇進した人物は誰か。,一条兼良
29,20,神道と仏教に儒学を統合しようとする唯一神道を完成した人は誰か。,吉田兼倶
30,1,室町時代に、猿楽に田楽を取り入れて発展した庶民的な舞台芸術を何というか。,能
30,2,室町時代に編集された小歌の歌集は何か。,閑吟集
30,3,南北朝期に『新葉和歌集』を撰し、連歌の興隆につくした人物は誰か。,二条良基
30,4,二条良基が制定した連歌の規則書は何か。,応安新式
30,5,応仁の頃に出て、正風連歌を確立した人物は誰か。,宗祇
30,6,宗祇が撰集した連歌集の名を記せ。,新撰菟玖波集
30,7,規則にしばられすぎた連歌に、自由で庶民的な新風を吹き込んだ連歌師は誰か。,宗鑑
30,8,宗鑑が確立した連歌を何というか。,俳諧連歌
30,9,宗鑑が撰集した連歌集の名を記せ。,犬筑波集
30,10,室町時代に広く流行した庶民的な短編物語を何というか。,御伽草子
30,11,僧慶に『大学習句』を刊行するなど活躍し、薩南学派のもとを開いた僧侶は誰か。,桂庵玄樹
30,12,15世紀中頃、関東管領上杉憲実が再興した教育施設は何か。,足利学校
30,13,15世紀につくられた国語辞書の名を記せ。,節用集
30,14,足利義教の頃、他宗との激しい論戦や戦闘的布教のため、迫害を受けた日蓮宗の僧は誰か。,日親
30,15,法華一揆が延暦寺と衝突したが、焼打ちを受けて一時京都を追われた戦いを何というか。,天文法華の乱
30,16,天文法華の乱は西暦何年に勃発したか。,1536年
30,17,北陸や畿内で精力的に布教し、浄土真宗の基礎を築いた僧は誰か。,蓮如
30,18,蓮如は農民の惣的結合を布教に利用した。彼が組織したこの信者の団体を何というか。,講
30,19,近畿・東海・北陸の各所で、守護や戦国大名と対立した本願寺門徒農民の蜂起を何というか。,一向一揆
30,20,より自由な禅の布教を志した大徳寺の僧は誰か。,一休宗純
31,1,16世紀半ば、管領細川氏の衰退に乗じて幕府の実権を握ったのは誰か。,三好長慶
31,2,主家三好氏を滅ぼし将軍足利義輝を殺し、東大寺を焼打ちした下剋上の典型的人物とは誰か。,松永久秀
31,3,享徳の乱を機に鎌倉公方が分裂した。足利成氏側は何と呼ばれたか。,古河公方
31,4,享徳の乱を機に鎌倉公方が分裂した。足利政知側は何と呼ばれたか。,堀越公方
31,5,15世紀末、伊豆を奪い、ついで相模に進出し、子孫が関東の大半を支配する基礎を築いたのは誰か。,北条早雲(伊勢宗瑞)
31,6,北条早雲(伊勢宗瑞)とその子孫が本拠地とした城下町はどこか。,小田原
31,7,北条早雲(伊勢宗瑞)の家に伝わる家訓を何というか。,早雲寺殿廿一箇条
31,8,16世紀、主家から関東管領職を継ぎ、越後を中心に権勢をほこった戦国大名は誰か。,上杉謙信(長尾景虎)
31,9,上杉謙信(長尾景虎)の城下町はどこか。,春日山
31,10,甲斐・信濃を領有し、上杉謙信(長尾景虎)としばしば北信濃の川中島で戦った戦国大名は誰か。,武田信玄(晴信)
31,11,武田信玄(晴信)の家に伝わる分国法を何というか。,甲州法度之次第
31,12,駿河・遠江の戦国大名今川氏の分国法を何というか。,今川仮名目録
31,13,今川氏の城下町はどこか。,府中
31,14,越前国朝倉氏の家訓を何というか。,朝倉孝景条々
31,15,朝倉氏の城下町はどこか。,一乗谷
31,16,陸奥国大内氏の分国法を何というか。,大内氏掟書
31,17,大内氏の城下町はどこか。,山口
31,18,安芸の国人から身をおこし、中国地方の大半を領した戦国大名は誰か。,毛利元就
31,19,伊達氏の分国法を何というか。,塵芥集
31,20,九州の大友氏の城下町はどこか。,豊後府內
32,1,戦国大名は新しく服属させた国人たちを上級家臣に、各地で成長の著しかった武士層を下級家臣に組み入れていった。この後の武士層のことを何というか。,地侍
32,2,戦国大名は地侍たちを有力家臣に預けるかたちで組織した。この制度を何というか。,寄親・寄子制
32,3,戦国大名は荘園の収入額を銭に換算して把握した。この表示の仕方を何というか。,貫高
32,4,戦国大名の名を記した自己申告による検地を何というか。,指出検地
32,5,戦国大名が家臣団相互の紛争を私闘で解決することを禁じし、大名による裁判にゆだねさせることを目的として出された法を何というか。,喧嘩両成敗法
32,6,鉱山開発において、石見・但馬は何の生産で有名か。,銀
32,7,伊勢神宮の門前町を何というか。,宇治・山田
32,8,長野県はという寺社の門前町か。,善光寺
32,9,浄土真宗の勢力の強い地域で、その寺院や道場を中心に形成された町を何というか。,寺内町
32,10,寺内町の代表例として、現在の大坂城の位置に所在していたものは何か。,石山
32,11,港町について「此の町はベニス市の如く執政官に依りて治めらる」と書簡を送った宣教師は誰か。,ガスパル＝ヴィレラ
32,12,ガスパル＝ヴィレラのように、日本で布教中のイエズス会宣教師が本国に書き送った書簡を集録したものを何というか。,耶蘇会士日本通信
32,13,ガスパル＝ヴィレラに執政官とあるが、堺の町政を運営した36人の豪商のことを何というか。,会合衆
32,14,室町時代に九州博多がふき、問屋貿易でも商人の活動が顕著だった港町はどこか。,博多
32,15,博多の町政を運営した人の豪商のことを何というか。,年行司
32,16,自治的同職をつくり、法華一揆の主体となった京都の富裕な商工業者を何というか。,町衆
32,17,町衆の豪商は、京都の町や町組を自治的に運営する代表者を何というか。,月行事
32,18,応仁の乱で中断したが、町衆の手により復興された京都祇園祭の祭礼は何か。,祇園祭
32,19,自由商業取引を原則とし、市座や市場税などを設けない政策を何というか。,楽市
32,20,古代では角鹿と呼ばれ、渤海使のための松原客院がおかれていた越前の港町はどこか。,敦賀
33,1,15世紀後半から16世紀にかけて、世界の諸地域がヨーロッパを中心に広く交流した時代があった。この時代を何と呼ぶか。,大航海時代
33,2,15世紀末、インドへの航路を開拓したのはどこの国か。,ポルトガル
33,3,大航海時代の主役、スペインのアジア進出の拠点となった場所はどこか。次から1つ選べ。a.シャム b.ゴア c.フィリピン d.アンナン,c
33,4,1543年(1542年という説もある)にポルトガルの人が来航し、鉄砲をもたらした場所となった九州南方の地を答えよ。,種子島
33,5,鉄砲が伝来した時の種子島の島主は誰か。,種子島時堯
33,6,和泉の堺と並び、鉄砲製造の中心産地となっていったのは近江国のどこか。,国友
33,7,鉄砲伝来は合戦の様相を一変させた。新しく登場した兵士を何というか。,足軽
33,8,織田信長・徳川家康連合軍が、鉄砲の威力を発揮して武田軍を大敗させた戦いを何というか。,長篠の戦い
33,9,鉄砲より少し遅れてキリスト教が伝来したが、伝えたのは誰か。,フランシスコ＝ザビエル
33,10,キリスト教の伝来は西暦何年か。,1549年
33,11,キリスト教に入信した大名を何というか。,キリシタン大名
33,12,ポルトガルやスペインの人たちとの貿易を、当時、何と呼んだか。,南蛮貿易
33,13,南蛮貿易における代表的な貿易品に、銀・刀剣・海産物・生糸・漆器・工芸品などがあるが、この中に1つだけ輸入品が含まれている。それはどれか。,生糸
33,14,信長が今川義元を破った戦いを何というか。,桶狭間の戦い
33,15,信長が擁立した室町幕府15代将軍は誰か。,足利義昭
33,16,足利義昭が追放されたことにより、室町幕府が滅亡したのは西暦何年か。,1573年
33,17,信長が、本拠地として近江の琵琶湖畔に築いた城を何というか。,安土城
33,18,信長が、安土城の城下町の商工業者に、自由な営業を認めるために出した法令を何というか。,楽市令
33,19,信長が重臣に背かれて滅ぼされた事件を何というか。,本能寺の変
33,20,本能寺の変をおこした重臣とは誰か。,明智光秀
34,1,毛利氏と対戦中の羽柴秀吉が、引き返して明智光秀を破ったのは京都のどこか。,山崎
34,2,秀吉が、本願寺の跡地に築いた本拠地を答えよ。,大坂城
34,3,採決の争いに介入した秀吉が、それを利用してついに支配した地位は何か。,関白
34,4,九州遠征ののち京都に戻った秀吉は、新しい本拠地に後陽成天皇を招き、諸大名を参集して忠誠を誓わせた。この新しい本拠地は何というか。,聚楽第
34,5,関東最大の勢力をもっていたが、秀吉に滅ぼされた北条氏の本拠地はどこか。,小田原
34,6,近畿地方を中心に、豊臣政権が確保していた直轄地を何というか。,蔵入地
34,7,秀吉が晩年に重要政務を合議させた、一部の有力大名たちを何と呼んだか。,五大老
34,8,村を単位として新しい方法で検地を施行した。これを何と呼ぶか。,太閤検地
34,9,田畑・屋敷の面積を1区画ごとに測り、等級に応じて村ごとの土地生産力を、米の収穫高で表すことを何というか。,石高
34,10,年貢を負担する百姓1人が、1つの土地所有を認められることを何というか。,一地一作人
34,11,従来まちまちだった、枡の容量を統一するために採用されたのは何枡か。,京枡
34,12,一揆を防止し、百姓を耕作に専念させる意図をもって、百姓から刀・槍などの武具を取り上げるために出した命令は何か。,刀狩令
34,13,刀狩令が出されたのは西暦何年か。,1588年
34,14,争いがおきた時に、大名らを動員することを何というか。,軍役
34,15,朝鮮へ従軍した奉公人の逃亡を摘発する法令を出し、身分別に家数・人数を調査させた。この法令を何というか。,人掃令(身分統制令)
34,16,国宝・検地・武器の取り上げなどによって、武士・奉公人と百姓との身分の差が定まった、これを何というか。,兵農分離
34,17,秀吉の最初の朝鮮侵攻を何というか。,文禄の役
34,18,文禄の役は西暦何年か。,1592年
34,19,和平交渉の決裂を背景におこなわれた、2度目の朝鮮侵攻を何というか。,慶長の役
34,20,慶長の役は西暦何年か。,1597年
35,1,城郭の中核をなす、高楼建築を何というか。,天守(天主)
35,2,江戸時代に桃山と呼ばれた地に建てられた、豊臣秀吉晩年の居城を答えよ。,伏見城
35,3,この時代に、城郭建築内部の飾りとして壁や襖に描かれた金碧の絵を何というか。,障壁画
35,4,障壁画の絵師の中心的存在で、『唐獅子図屏風』の作者は誰か。,狩野永徳
35,5,能登から京都に出て、大和絵・水墨画・金碧画など多彩な分野で活躍した絵師の名を記せ。,長谷川等伯
35,6,京都をその外にある名所と描いた絵巻は、庶民の生活や町の賑わいを描いた作品をあげよ。,洛中洛外図
35,7,彫刻分野で盛んになった、装飾性の強い作品を何というか。,欄間彫刻
35,8,織田信長や秀吉に重用され、侘茶を追求し、茶道を確立させたのは誰か。,千利休
35,9,京都・大坂・堺・博多などの都市で活動した、商人を中心とした富裕層を何というか。,町衆
35,10,17世紀初めに、京都でかぶき踊りを始めたのは誰か。,出雲お国(阿国)
35,11,16世紀の中頃に、琉球から伝わってきた楽器を何というか。,三味線
35,12,室町時代中期に始まった語り物で、三味線と操り人形を加えた民衆演劇を何というか。,人形浄瑠璃
35,13,堺の商人が小唄に節をつけたことで、民衆の人気を集めた歌謡を何というか。,隆達節
35,14,平安時代以来、庶民の着物として用いられていたのが、この時代から着物として一般に広まった衣服を何というか。,小袖
35,15,桃山時代の生活・風俗に関する以下の短文で、誤っているものを1つ選べ。(a.都市では、瓦屋根の2階建てが多くなった。b.公家や武士は米が常食になったが、庶民は主に雑穀を食べた。c.食事はそれまでの1日1回が、ほとんどの階層で朝夕2回が普通になった。d.男女ともに結髪するようになった。),c
35,16,金属製の活字による活版印刷術を導入した宣教師は誰か。,ヴァリニャーノ
35,17,ヴァリニャーノの活字印刷で印刷された出版物を何というか。,キリシタン版
35,18,ヴァリニャーノが修道士育成のため、豊後府内に設けた高等教育学校を答えよ。,コレジオ
35,19,ヴァリニャーノが布教活動の効果を期待し、キリシタン大名に勧めてゆかりのある少年らを派遣しローマ教皇に謁見させた。これを何というか。,天正遣欧使節
35,20,天正遣欧使節の4人のうち、千々石ミゲル・中浦ジュリアン・原マルチノ以外の1人を答えよ。,伊東マンショ
36,1,徳川家康の覇権が確立した、1600年におきた天下分け目の戦いを何というか。,関ヶ原の戦い
36,2,関ケ原の戦いで敗れて斬首された、西軍の、近江佐和山城主は誰か。,石田三成
36,3,征夷大将軍に任じられた家康が、江戸に幕府を開いたのは西暦何年か。,1603年
36,4,徳川幕府の基礎を固めた、徳川2代将軍は誰か。,徳川秀忠
36,5,徳川秀忠に将軍職をゆずったあとも、幕府の実権を握った家康は何と呼ばれたか。,大御所
36,6,京都方広寺の鐘銘を口実に戦いをしかけられ、1615年に滅ぼされた豊臣秀吉の子は誰か。,豊臣秀頼
36,7,豊臣氏が滅ぶことになった1614年・1615年の、2度にわたる戦いをあわせて何というか。,大坂の陣
36,8,1615年に、幕府が制定した大名統制の根本法典は何か。,武家諸法度
36,9,1623年に、徳川秀忠から将軍職をゆずり受け、3代将軍となったのは誰か。,德川家光
36,10,大名が、江戸と国元を1年ごとに往復することを義務づけた制度を何というか。,参勤交代
36,11,強い領主権をもつ将軍と大名が、土地と人民を統治する支配体制を何というか。,幕藩体制
36,12,幕府最高の職ではあるが、非常の時にしかおかれなかった役職を何というか。,大老
36,13,譜代大名から選任されて、幕府の政務を総轄する役職を何というか。,老中
36,14,譜代大名から選任されて、老中を補佐する役職を何というか。,若年寄
36,15,幕府が取り入れた、1カ月交代の勤務制度を何というか。,月番(月番交代)
36,16,三奉行が決裁できない重大事や、管領のまたがる訴訟などを扱う幕府の最高司法機関を何というか。,評定所
36,17,地方組織の要職で、朝廷の統制や西国大名の監視をおもな任務とするものを何というか。,京都所司代
36,18,幕府直轄地を管理する役職のうち、関東・飛騨・美濃など10万石以上の地におかれたものを何というか。,郡代
36,19,17世紀の中頃までおこなわれた、大名が上級藩士に直接領地の一部を与えて支配させる制度を何というか。,地方知行制
36,20,17世紀の後半になると、しだいに地方知行制がなくなり、かわって藩士に直轄地からの年貢を蔵米として支給するようになった。こうした制度を何と呼ぶか。,俸禄制度
37,1,1615年に制定された、朝廷運営の基準となった法は何か。,禁中並公家諸法度
37,2,1629年、体調を崩していた後水尾天皇は、幕府の同意を求めずに突然譲位した。その背景となった事件をあげよ。,紫衣事件
37,3,京都所司代と連絡をとりながら、朝廷に幕府側の指示を伝えた公家を何というか。,武家伝奏
37,4,全寺院を宗派ごとに組織化して、その地位を保障した制度を何というか。,本末制度
37,5,宗派をこえて、仏教寺院の僧侶全体を共通に統制するために制定した法は何か。,諸宗寺院法度
37,6,神社・神職に対して、公家の吉田家を本所として統制させるとともに、幕府による管理を強化するために制定した法は何か。,諸社禰宜神主法度
37,7,領主の過酷な年貢と、キリスト教徒への弾圧に抵抗した、土豪や百姓による1637年の一揆を何というか。,島原の乱
37,8,島原の乱で原城跡に立てこもった一揆勢の首領は誰か。,益田(天草四郎)時貞
37,9,キリスト教徒を根絶するため、寺院に檀家であることを証明させた制度を何というか。,寺請制度
37,10,1600年に、豊後に漂着したオランダ船の船名を答えよ。,リーフデ号
37,11,イギリスやオランダが、アジア進出をはかるため拠点として設立した組織を答えよ。,東インド会社
37,12,リーフデ号の航海士で、家康の外交・貿易顧問となったオランダ人のオランダ名を答えよ。,ヤン＝ヨーステン
37,13,リーフデ号の水先案内人で、ヤン＝ヨーステンと同じく徳川家康の外交・貿易顧問となったイギリス人の日本名は何というか。,三浦按針
37,14,イギリス・オランダが、日本との貿易のために商館を開いた場所(地名)をあげよ。,平戸
37,15,家康が、スペイン領メキシコとの通商を求め派遣した、京都の商人は誰か。,田中勝介
37,16,慶長遣欧使節として、スペインに派遣された仙台藩主は誰か。,支倉常長
37,17,メキシコと直接貿易関係を結ぼうとし、支倉常長を派遣した仙台藩主は誰か。,伊達政宗
37,18,中国産の生糸を独占して巨利を得ていたポルトガル商人を排除するために始めた、特定の商人に輸入生糸を一括購入させた制度を何というか。,糸割符制度
37,19,江戸時代初期、海外渡航許可証を与えられた貿易船を何と呼んだか。,朱印船
37,20,日本町の長で、のちリゴールの太守になった日本人は誰か。,山田長政
38,1,幕府は貿易を統制下におくため、中国船を除く外国船の寄港地を2港に制限した。その2港とはどこか。,長崎・平戸
38,2,1633年から、日本船の海外渡航は、朱印状のほかに何という許可証が必要になったか。,老中奉書(奉書)
38,3,1641年、オランダ商館を移した長崎湾内の埋め立て地を答えよ。,出島
38,4,日本は閉ざされた状態であると指摘した、ドイツ人医師ケンペルの著書をあげよ。,日本誌
38,5,鎖国の状態にあっても、海外の事情を知ることができる1つの要因となった、オランダ船の来航のたびにオランダ商館長が提出したものは何か。,オランダ風説書
38,6,中国では漢民族の建てた明が滅びたが、かわって成立した満洲民族の国を何というか。,清
38,7,長崎の町に雑居していた、清国人の居住地を限定するために設けた施設は何か。,唐人屋敷
38,8,朝鮮からは1607年以降、江戸時代を通じて計12回の使節が来日したが、4回目からは何と呼ばれたか。,朝鮮通信使
38,9,1609年に、対馬藩主宗氏と朝鮮とのあいだに結ばれた条約を何というか。,己酉約条
38,10,松前藩を中心とした和人たちと、広大な蝦夷地(和人地以外)の河川流域などに居住するアイヌ集団との、交易対象地域は何と呼ばれたか。,商場(場所)
38,11,アイヌが全面的に松前藩に服従させられるきっかけとなった、1669年の戦いを何というか。,シャクシャインの戦い
38,12,京都相国寺の禅僧であったが、還俗して朱子学などの啓蒙につとめたのは誰か。,藤原惺窩
38,13,の門人で、儒者として家康に用いられ、林家の祖といわれるのは誰か。,林羅山
38,14,徳川家康をまつる霊廟建築を代表する神社建築をあげよ。,日光東照宮
38,15,神社建築に広く用いられた様式は何か。,権現造
38,16,書院造に、草庵風の茶室を取り入れた様式を何というか。,数寄屋造
38,17,数寄屋造を代表する京都の書院を答えよ。,桂離宮
38,18,狩野派から出て幕府の御用絵師となったのは誰か。,狩野探幽
38,19,京都の上層町衆で、書・蒔絵・陶芸にすぐれた作品を生み出し、多才な文化人として知られるのは誰か。,本阿弥光悦
38,20,有田でつくられる磁器で、上絵付の技法を使い赤絵を完成したのは誰か。,酒井田柿右衛門
39,1,姓をもち、刀剣を自由に所持できるという武士の特権を何というか。,苗字・帯刀
39,2,多様な種類の手工業に従事する人々を何と呼んだか。,職人
39,3,検地帳に登録され、租税負担の義務をもつ村民を何と呼んだか。,本百姓
39,4,本百姓に対して、田・畑をもたず、地主のもとで小作を営んだり雇い仕事に従事する村民を何と呼んだか。,水呑(無高)
39,5,村を運営するために、本百姓から選ばれた村役人を総称して何というか。,村方三役
39,6,村方三役の役職を3つあげよ。,名主(庄屋・肝煎)・組頭・百姓代
39,7,名主(庄屋・肝煎)・組頭・百姓代が中心になっておこなった、村運営のもととなった決まりを何というか。,村法(村掟)
39,8,村民を数戸ずつに編成し、年貢納入や犯罪防止に連帯責任を負わせた制度を何というか。,五人組
39,9,本百姓が石高の40〜50％前後を、米や貨幣ですおさめた税を何というか。,本途物成
39,10,本途物成のほか、山野河海の利用や農業以外の副業などにかかる税を何というか。,小物成
39,11,一国単位でかけられる、河川などの土木工事での労働負担を何というか。,国役
39,12,富農への土地集中と自作農解体を防ぐため、1643年に出された法令は何か。,田畑永代売買の禁止令
39,13,1673年に出された、分割相続による田畑の細分化を防ぐための法令は何か。,分地制限令
39,14,城下町を中心に居住した、町内に町屋敷をもつ家持の住民は何と呼ばれるか。,町人
39,15,町人に対して、宅地の一部や全体を借り自分で家屋を建てて住む人を何と呼ぶか。,地借
39,16,豊富な資金や船・馬など商品の輸送手段、蔵などの貯蔵施設を所有する商人は何と呼ばれたか。,豪商
39,17,商品を持ち歩いて販売する、零細な商人を何というか。,振売
39,18,本百姓・町人・武士の家において、強力な権限をもつその家の代表者を何と呼ぶか。,戸主
39,19,摂津・和泉・紀伊など、上方の漁師によって全国に普及した先進的な漁法をあげよ。,網漁
39,20,中国地方や東北地方などを中心としておこなわれていた、砂鉄を原料として玉鋼を生産する技術を何というか。,たたら製鉄
40,1,3代将軍徳川家光の死去にともない、11歳で4代将軍となったのは誰か。,徳川家綱
40,2,幼少の将軍を支えた叔父の会津藩主は誰か。,保科正之
40,3,幼少の将軍が即位した3カ月後に、反乱をおこそうとした兵学者は誰か。,由井(比)正雪
40,4,由井(比)正雪の事件を何というか。,慶安の変(由井正雪の乱)
40,5,主家をもたない武士の増加を防ぐため、50歳未満の大名に認めた、死にのぞんで急に決めた相続人を何というか。,末期養子
40,6,儒者を顧問にし、幕政の刷新をはかった、加賀藩主前田綱紀が招いた朱子学者は誰か。,木下順庵
40,7,17世紀後半、政治の安定と経済の発展の中で、5代将軍となったのは誰か。,徳川綱吉
40,8,徳川綱吉の治世を何時代とも呼ぶか。,元禄時代
40,9,徳川綱吉の政治を補佐した大老の堀田正俊が暗殺されたのち、これにかわって権力を握った側用人は誰か。,柳沢吉保
40,10,徳川綱吉は、林羅山が設けた孔子廟と家塾を、学問所として整備したあと上野忍ヶ岡から湯島に移し林家を学長に任じた。この学問所で一番重視された学問は何か。,儒教(朱子学)
40,11,仏教に帰依した徳川綱吉が出した、すべての生きものの殺生を禁じることで庶民に迷惑をかけた法を答えよ。,生類憐みの令
40,12,徳川綱吉が出し江戸時代を通じて社会に大きな影響を与えた、近親者に死者があった時に喪に服したり忌引をする日数を定めた法を何というか。,服忌令
40,13,幕府財政の悪化を防ぐため、貨幣改鋳を上申した勘定吟味役(のちに勘定奉行)は誰か。,萩原重秀
40,14,在職わずか3年余りで死去した、6代将軍は誰か。,徳川家宣
40,15,徳川家宣のあとを継いだ、満3歳の7代将軍は誰か。,徳川家継
40,16,徳川家宣に信任された朱子学者は誰か。,新井白石
40,17,2人の将軍の補佐役として、幕府政治の刷新をはかろうとした新井白石の政治を何と呼ぶか。,正徳の政治
40,18,新井白石の時代、幕府が費用を献じて特例として創設した宮家を答えよ。,閑院宮家
40,19,物価の騰貴をささえるため、徳川綱吉の時代に金の含有率を下げた小判を、以前の慶長小判の金含有率に戻した。この時、鋳造された小判を何というか。,正徳小判
40,20,貿易額を制限した、1715年の貿易統制令を何と呼ぶか。,海舶互市新例(長崎新令・正徳新令)
41,1,次の肥料の中で、金肥に該当しないものを選べ。a干鰯 b〆粕 c刈敷 d油粕 e糠,c
41,2,17世紀末、日本最初の体系的農業書である『農業全書』を著したのは誰か。,宮崎安貞
41,3,いりこ・干し鰯・ふかひれなどを詰め物にした、蝦夷地の輸出品を何というか。,俵物
41,4,瀬戸内海の沿岸をはじめ、各地でおこなわれるようになった、高度な土木技術を要する製塩法を何というか。,入浜塩田
41,5,鰹節の生産がとくに多かったのは薩摩国・伊豆国と、もう1つはどこか。国名で答えよ。,土佐国
41,6,金襴・緞子などの高級品を、高機を用いて独占的に織ったのは京都のどこか。,西陣
41,7,銚子と並ぶ関東の醤油の特産地をあげよ。,野田
41,8,17世紀の初め、富士川・高瀬川などを整備・開削し、内陸水運を発達させた豪商は誰か。,角倉了以
41,9,17世紀前半から始まった、大坂から江戸に大型の帆船を用いて、多様な商品を運送した定期船は何と呼ばれたか。,菱垣廻船
41,10,18世紀前半、大坂・江戸間に酒荷専用の船が就航し菱垣廻船と争った。この船を何というか。,樽廻船
41,11,東廻り・西廻り海運を整備し、全国規模の海上交通網を完成させた江戸の商人は誰か。,河村瑞賢
41,12,18世紀末に登場した、日本海の遠隔地を結んだ廻船を何というか。,北前船
41,13,五街道は東海道・中山道・甲州道中・日光道中と、もう1つは何か。,奥州道中
41,14,小仏の関所は五街道のどこに属するか。,甲州道中
41,15,箱根の関所は五街道のどこに属するか。,東海道
41,16,関東の関所で、とくにきびしく取り締まったものは何か。,入鉄砲に出女
41,17,五街道を管理するため、17世紀半ばからおかれた役職は何か。,道中奉行
41,18,全国で整備された、五街道に接続した主要な道路を何というか。,脇街道(脇往還)
41,19,各宿駅におかれた、公用の書状や荷物を継ぎ送りする施設を何というか。,問屋場
41,20,各宿駅に準備された、大名らの宿泊施設を何というか。,本陣(脇本陣)
42,1,徳川家康がつくらせた、同じ規格・品質の金・銀貨を何というか。,慶長金銀
42,2,小判などの金貨をつくった幕府の貨幣鋳造所をあげよ。,金座
42,3,一両小判のような計数貨幣に対し、重さを価値の単位とした貨幣を何というか。,秤量貨幣
42,4,秤量貨幣を2種類あげよ。,丁銀・豆板銀
42,5,ばく大な量の銅銭・鉄銭をつくった貨幣鋳造所の名称を答えよ。,銭座
42,6,銭座でつくられた銭貨で、1636年以降鋳造され、つくられた年代に関係なく同じ年号の名称がつけられている貨幣を答えよ。,寛永通宝
42,7,銀遣いとも呼ばれた、銀を商取引の中心としていた西日本の代表的な都市はどこか。,大坂
42,8,藩財政の窮乏をおぎなうために発行されたが、領内にしか流通しない紙幣を何というか。,蔵札
42,9,三貨の交換や、預金・貸付・手形発行などの金融商売をおこなった商人を何と呼んだか。,西廻海(本廻船)
42,10,江戸時代の三都とは、大坂以外にどこをさすか2つあげよ。,江戸・京都
42,11,商業経済の中心都市であった大坂は、米を中心とした物資の一大集積地であったことから、とくに何と呼ばれていたか。,天下の台所
42,12,諸藩や旗本が年貢米・特産物販売のため、江戸や大坂などにおいた施設を何というか。,蔵屋敷
42,13,大名が徴収した米や領内の産物は、大坂の蔵屋敷を経由することから何と呼ばれたか。,蔵物
42,14,大坂の蔵屋敷において、物品の取引ににぎわるもの(a)、金銭の出納にたずさわるもの(b)をそれぞれ何というか。,蔵元
42,15,蔵屋敷を経由しない一般の商品は、蔵物に対して何と呼ばれたか。,新屋物
42,16,大坂から江戸へ向かう廻船に積み荷をする、大坂の連合組織をあげよ。,二十四組問屋
42,17,大坂から回送されてきた積み荷を買う、江戸の連合組織をあげよ。,十組問屋
42,18,大坂の代表的な卸売市場の地名を答えよ。魚市場(a) 青物市場(b) 米市場(c),雑喉場
42,19,江戸の代表的な卸売市場の地名を答えよ。魚市場(a) 青物市場(b) ,日本橋
42,20,都市商工業者が、直接農村の生産者に資金や原料を提供し、できあがった製品を引き取る生産形態を何というか。,問屋制家内工業
43,1,京都・大坂地方を、江戸と対置して何というか。,上方
43,2,大阪商人の井原西鶴が、最初に学んだ談林派の俳人は誰か。,西山宗因
43,3,西鶴は途中で小説に転じたが、西鶴が転じた小説は何と呼ばれるか。,浮世草子
43,4,西鶴の代表作の1つ、『世間胸算用』は、好色物・武家物・町人物のどれに当たるか。,町人物
43,5,松尾芭蕉が確立した、幽玄閑寂の俳諧を何というか。,蕉風(正風)
43,6,農村部を旅する芭蕉一行を、多くの人々が支えたことでできた、芭蕉を代表する紀行文をあげよ。,奥の細道
43,7,現実の社会や歴史に題材を求め、義理・人情に悩む人々の姿を、人形浄瑠璃や歌舞伎の脚本に描いた作家は誰か。,近松門左衛門
43,8,近松門左衛門の作品を語って民衆の共感を呼んだ、浄瑠璃太夫は誰か。,竹本義太夫
43,9,荒事で好評を得た、江戸の歌舞伎俳優を答えよ。,市川団十郎
43,10,京都・大坂で和事を得意にして人気を得た、歌舞伎俳優は誰か。,坂田藤十郎
43,11,女形の代表とされる歌舞伎俳優を答えよ。,芳沢あやめ
43,12,朱子学の一派である南学を谷時中から学び、崎門学を広めた儒者は誰か。,山崎闇斎
43,13,山崎闇斎が儒教流に解釈した神道を何というか。,垂加神道
43,14,知行合一の立場で、現実を批判するなど革新性をもっていたため、幕府から警戒された学派は何か。,陽明学派
43,15,陽明学派の中心であった中江藤樹の門人で、岡山藩に重用されたが、武士士着論を説いて幕政を批判したことで、下総古賀に幽閉された儒者は誰か。,熊沢蕃山
43,16,儒学の一派で、孔子・孟子の古典に直接立ち返ろうとした学派を何というか。,古学派
43,17,朱子学を批判し、幕府により赤穂に流された古学派の祖は誰か。,山鹿素行
43,18,柳沢吉保や8代将軍徳川吉宗に重用された、古学派の荻生徂徠が、武士の士着や新しい都市論を述べた著書をあげよ。,政談
43,19,武士も商業をおこない、専売制度によって利益をあげるべきと主張した徂徠の門人は誰か。,太宰春台
43,20,経世論を発展させた、太宰春台の著書をあげよ。,経済録
44,1,新井白石の、朝廷や武家政権の推移を段階的に時代区分して、独自の歴史の見方を展開した著書は何か。,読史余論
44,2,植物・動物・鉱物の薬用効果について研究する学問を何というか。,本草学(博物学)
44,3,土木の測量や、土木工事の必要から発達した、日本の数学を何というか。,和算
44,4,17世紀前期、和算を民間に広げた数学者は誰か。,吉田光由
44,5,筆算代数式とその計算法や、円周率計算などですぐれた研究をおこなった数学者は誰か。,関孝和
44,6,京都の士御門家に入門し、暦の誤差を修正して、日本独自の暦をつくったのは誰か。,渋川春海(安井算哲)
44,7,渋川春海(安井算哲)がこの時つくった暦は何というか。,貞享暦
44,8,貞享暦作成の功績により幕府内に設けられた、編暦を行う役職を何というか。,天文方
44,9,和歌に使えない言葉が定められてきたことの無意味さと、俗語を用いることの正当さを説いたのは誰か。,戸田茂睡
44,10,『万葉集』の研究を重ねることによって、戸田茂睡の説の正しさを主張したのは誰か。,契沖
44,11,戸田茂睡や契沖が無意味さを主張した、和歌に使えない言葉を何というか。,制の詞
44,12,作者本来の意図を知るため、『源氏物語』や『枕草子』の研究を深めたのは誰か。,北村季吟
44,13,戸田茂睡・契沖・北村季吟の古典研究は、古代精神の探求に進み、のちの何という学問に発展したか。,国学
44,14,朝廷の絵師になり、土佐派を復興したのは誰か。,土佐光起
44,15,土佐派からわかれて住吉派を開いた父如慶のあとを継ぎ、幕府御用絵師として活躍したのは誰か。,住吉具慶
44,16,俵屋宗達の装飾的な画法を取り入れて、琳派をおこしたのは誰か。,尾形光琳
44,17,大量生産で、安価に入手できることもあって、大きな人気を得た浮世絵の版画を始めたのは誰か。,菱川師宣
44,18,色絵を完成し、京焼の祖といわれるのは誰か。,野々村仁清
44,19,絵を兄に学び、陶芸は野々村仁清の影響を受け、装飾的で高雅な作品を残しているのは誰か。,尾形乾山
44,20,京都の絵師で、友禅染の創始者とされるのは誰か。,宮崎友禅
45,1,8代将軍徳川吉宗は何藩の出身か(a)。また、その幕政改革を何というか(b)。,a紀伊(紀州)藩 b享保の改革
45,2,吉宗が実施した、各大名に対して臨時に米を幕府におさめさせる制度を何というか。,上げ米
45,3,実学の奨励の1つとして、吉宗により輸入制限が緩和されたのは何か。,漢訳洋書
45,4,江戸の防火体制を整備するため、享保の改革で組織された町方の消防組織を何というか。,町火消
45,5,多くの意見を聞くため、吉宗が評定所門前に設置させた投書箱を何というか。,目安箱
45,6,目安箱への投書をもとにつくられた、貧民を対象にした医療施設は何と呼ばれたか。,小石川養生所
45,7,判例にもとづいた合理的な司法判断をするため、吉宗が編纂させた基本法は何か。,公事方御定書
45,8,急増した金銀貸借に関する訴訟を、幕府に訴えさせず当事者間で解決させるために吉宗が出した法令は何か。,相対済し令
45,9,有力な農民が、零細農民を年季奉公人として使役する経営を何というか。,地主手作
45,10,18世紀後半から多くなった、村役人と一般農民との対立・騒動を何というか。,村方騒動
45,11,村を単位に農民が結集し、領主に要求を掲げて直接行動をおこすことを何というか。,百姓一揆
45,12,村々の代表者が、農民全体の利益を代表して領主に直訴することを何というか。,代表越訴型一揆
45,13,江戸中期には、村役人を指導者とした、なかには政治的要求まで含まれた大規模な騒動が各地に広まった。こうした騒動を何と呼んでいるか。,惣百姓一揆
45,14,18世紀の前半、西日本の天候不順やいなご・うんかの大発生が原因で大凶作になり、西日本のほうから全国的に被害が広がった大災害を何というか。,享保の飢饉
45,15,1782年の冷害に始まり、浅間山の大噴火を経て数年におよぶ大凶作のため、東北地方を中心に多数の餓死者を出した大災害を何というか。,天明の飢饉
45,16,18世紀前半からしだいに多くなっていった、都市部での暴動を何というか。,打ちこわし
45,17,10代将軍徳川家治の時代に、側用人から老中にまで昇進し、10年以上にわたって実権を握ったのは誰か。,田沼意次
45,18,田沼意次に蝦夷地開発の必要を進言した仙台藩の医師は誰か。,工藤平助
45,19,田沼意次が、蝦夷地調査のため派遣した人物を答えよ。,最上徳内
45,20,田沼意次の時代に急増した、幕府・藩から公認された商工業者の同業組合を何というか。,株仲間
46,1,徳川吉宗の命で、青木昆陽とともにオランダ語を学んだ本草学者は誰か。,野呂元丈
46,2,前野良沢・杉田玄白らによる、西洋医学の解剖書を訳述した著書をあげよ。,解体新書
46,3,蘭学の入門書を著し、江戸に芝蘭堂を開いて多くの門人を育てたのは誰か。,大槻玄沢
46,4,大槻玄沢の門人の1人、稲村三伯がつくった蘭日辞典をあげよ。,ハルマ和解
46,5,高松藩の足軽の家に生まれ、本草学・物理学・文学と多方面にわたる博学多才の人で、秋田藩に西洋画法を伝えたのは誰か。,平賀源内
46,6,荷田春満の門人で、師とともに日本の古代思想を追求し、洋学はもとより、儒教・仏教も外来思想として排したのは誰か。,賀茂真淵
46,7,賀茂真淵の門人で、日本古来の精神に返ることを主張し、国学を思想的に高めたのは誰か。,本居宣長
46,8,本居宣長の主著を答えよ。,古事記伝
46,9,徳川光圀が始めた、『大日本史』の編纂事業を中心にしておこった、天皇尊崇と封建的秩序の確立を説いた学派を何というか。,水戸学
46,10,兵学者山県大弐が、幕政を批判したとして処刑された事件を何というか。,明和事件
46,11,儒教道徳に仏教や神道の教えを加え、町人を中心とする庶民の生活倫理をやさしく説いた心学を始めたのは誰か。,石田梅岩
46,12,『自然真営道』で、武士が百姓から搾取する身分社会を批判した陸奥の医者は誰か。,安藤昌益
46,13,江戸時代の後半、折衷学派として生まれた実証主義的な儒学の一派を何というか。,考証学派
46,14,18世紀の前半、大坂商人の出資を得て大坂に設立された学校を何というか。,懷徳堂
46,15,浪人・僧侶・神職などが、出版された教科書を用いて、読み・書き・そろばんなど日常生活に役立つことを教えた庶民の初等教育機関を何というか。,寺子屋
46,16,18世紀半ばに、錦絵と呼ばれる多色刷りの浮世絵版画を完成させたのは誰か。,鈴木春信
46,17,寛政期に多くの美人画を描いたのは誰か。,喜多川歌麿
46,18,大首絵の手法を使い、個性豊かな役者絵や相撲絵を描いた、喜多川歌麿と同時期の絵師は誰か。,東洲斎写楽
46,19,写生を重んじ、遠近法を取り入れた作品を描いた流派である円山派を始めたのは誰か。,円山応挙
46,20,専門の画家でない、文人や学者が描いた絵を文人画と呼ぶが、とくに有名なのが池大雅と与謝蕪村の合作である。その作品をあげよ。,十便十宜図
47,1,田沼意次が失脚した翌年、江戸・大坂など全国の主要都市で発生した暴動を何というか。,天明の打ちこわし
47,2,11代将軍の補佐役として老中に就任した、奥州白川藩主は誰か。,松平定信
47,3,松平定信による幕政改革を何というか。,寛政の改革
47,4,寛政の改革の1つに、飢饉に備えて各地に備蓄蔵をつくらせ米穀を蓄えさせた制度がある。これを何というか。,囲米
47,5,寛政の改革の1つである、都市に流入した元百姓で生業をもたない者に、資金を与えて農村に帰ることを奨励した政策は何か。,旧里帰農令
47,6,江戸の町々に町費節約を命じ、節約分の7割を積み立てさせ、飢饉・災害時に困窮した貧民を救済する制度を何というか。,七分積金
47,7,旗本・御家人の家計を担当した江戸の業者を何というか。,札差
47,8,旗本・御家人たちの生活安定のため、札差に貸金を放棄させた松平定信の政策を何というか。,棄捐令
47,9,聖堂学問所での、朱子学以外の講義や研究を禁止した松平定信の政策を何というか。,寛政異学の禁
47,10,海岸防備を説いたことを、幕政への批判とみられ弾圧された学者は誰か。,林子平
47,11,11代将軍との対立に加え、松平定信が老中退陣に追い込まれるきっかけとなった、幕府と朝廷の対立事件を何というか。,尊号一件
47,12,藩校を設立し、人材を登用するなど、藩政改革に成功した米沢藩主は誰か。,上杉治憲
47,13,通商を求めて、1792年に来日したロシア使節は誰か。,ラクスマン
47,14,1804年、長崎に来航したロシア使節の名前は何か。,レザノフ
47,15,再三のロシア来航に対応するため、松前藩と蝦夷地をすべて直轄にした。この直轄地を支配した幕府機関は何か。,松前奉行
47,16,近藤重蔵と並ぶ北地探検家で、幕命により択捉島を探査したのは誰か。,最上徳内
47,17,1811年、国後島に上陸して日本の警備兵に捕らえられたロシア軍艦長は誰か。,ゴローウニン
47,18,幕命により、樺太とその対岸を探査したのは誰か。,間宮林蔵
47,19,イギリス軍艦が、長崎港に侵入し幕府を驚かした事件を何というか。,フェートン号事件
47,20,フェートン号事件のあと多くのイギリス船・アメリカ船が日本近海に出没したため、接近した外国船(清国船など、一部は対象外)を撃退するよう幕府が命じた法令は何か。,異国船打払令(無二念打払令)
48,1,関八州を巡回し、無宿人や博徒の逮捕・取締りをおこなった役人を何というか。,関東取締出役
48,2,貧民救済のために門弟や民衆を動員して武装蜂起した、大坂奉行所の元与力で陽明学者は誰か。,大塩平八郎
48,3,大塩平八郎の影響を受け、大塩平八郎の門弟と称して、越後柏崎の陣屋を襲撃した国学者は誰か。,生田万
48,4,浦賀沖に接近し、日本人漂流者を送還して、日本に通交を求めようとしたアメリカ商船を撃退した事件を何というか。,モリソン号事件
48,5,モリソン号事件に対して、それぞれ『慎機論』(a)・『戊戌夢物語』(b)を書いて、幕府の外交政策を批判した2人を答えよ。,a渡辺崋山 b高野長英
48,6,幕府は、渡辺崋山・高野長英をきびしく処罰した。この弾圧を何というか。,蛮社の獄
48,7,引退したあとも、前将軍として実権を握り続けた家斉時代を何政治と呼ぶか。,大御所政治
48,8,家斉の死後、12代将軍のもとで、幕政改革をおこなった老中は誰か。,水野忠邦
48,9,水野忠邦の幕政改革を何というか。,天保の改革
48,10,水野忠邦が農村の再建のため実施した、江戸に流入した貧民を帰郷させる制度を何というか。,人返しの法
48,11,物価騰貴の原因は十組問屋などが上方市場からの商品流通を独占しているためと判断した水野忠邦は、対応するためにどのような政策をとったか。,株仲間の解散
48,12,改革の失敗につながった、江戸・大坂周辺の地を幕府直轄にする政策を何というか。,上知令
48,13,報徳仕法と呼ばれる、農村復興運動に尽力した農政家は誰か。,二宮尊徳
48,14,19世紀に入ると一部地域で始まった、分業と協業による手工業生産を何というか。,工場制手工業(マニュファクチュア)
48,15,下級藩士から登用され、藩財政の再建に成功した薩摩藩士は誰か。,調所広郷
48,16,反射炉や造船所・ガラス製造所などを建設し、産業を発達させた薩摩藩士は誰か。,島津斉彬
48,17,調所広郷と同じ下級藩士から登用され、長州藩の財政改革に成功したのは誰か。,村田清風
48,18,長州藩が下関においた、商品取引を中心とした商業施設を何というか。,越荷方
48,19,本百姓体制の再建・専売制の拡大など藩財政を充実させ、反射炉を備えた大砲製造所を設けるなど藩権力を強化した佐賀藩主は誰か。,鍋島直正
48,20,幕府の命令で、伊豆韮山に反射炉を築いた韮山代官は誰か。,江川太郎左衛門(担庵)
49,1,『稽古談』で商売をいやしいものとする武士の見方を批判して、藩財政の再建は殖産興業によるべきと主張したのは誰か。,海保青陵
49,2,西洋諸国との交易や、蝦夷地開発による富国論を説いた本多利明の著書を答えよ。,経世致用
49,3,『経済要録』で、産業の国営化と貿易による重商主義をとなえたのは誰か。,佐藤信淵
49,4,本居宣長の門人で、宣長の死後、復古神道を盛んにした国学者は誰か。,平田篤胤
49,5,幕府の命を受けて全国の沿岸を実測し、『大日本沿海興地全図』の完成に道を開いたのは誰か。,伊能忠敬
49,6,洋書の翻訳に当たらせるために、天文方に設けられた機関は何か。,蛮書和解御用
49,7,大坂に適々斎塾(適塾)を開き、多くの人材を育てた蘭学者は誰か。,緒方洪庵
49,8,オランダ商館医であったドイツ人シーボルトが、長崎郊外に開いた私塾を何というか。,鳴滝塾
49,9,笑いとともに、庶民の生活をいきいきと描いた絵入りの本を何というか。,消摘本
49,10,西洋画の手法を取り入れた肖像画の傑作である、『鷹見泉石像』は誰の作品か。,渡辺華山
49,11,文章を主とする小説で、歴史や伝説を題材にした本は何か。,読本
49,12,江戸で活躍した、読本の代表作者は誰か。,曲亭馬琴
49,13,勧善懲悪・因果応報を盛り込み、高い評判を得た曲亭馬琴の代表作品は何か。,南総里見八犬伝
49,14,村々に生きる民衆の生活をよみ、多くの作品を残した信濃の農民俳人は誰か。,小林一茶
49,15,『富嶽三十六景』は誰の作品か。,葛飾北斎
49,16,『東海道五十三次』は誰の作品か。,歌川広重
49,17,円山派からわかれ、南画と円山派の写生を統合した四条派を始めたのは誰か。,呉春(松村月渓)
49,18,寺の秘仏などを人々に公開することを何というか。,開帳
49,19,幕府が公認した、現在の宝くじに相当する興業を何というか。,富突(富くじ)
49,20,年6回、ある特定の夜に当番の家に集まり、集団で夜を徹し飲食する信仰の仲間の集まりを何というか。,東中親
50,1,アヘン戦争で敗北した清国の劣勢が日本に伝わると、幕府は法令を出して異国船打払令を緩和した。その法令名を記せ。,天保の薪水給与令
50,2,天保の薪水給与令は西暦何年に出されたか。,1842年
50,3,アヘン戦争後、清国がイギリスに香港島の割譲を認めさせられた条約を何というか。,南京条約
50,4,1846年に浦賀に来航し、開国を要求したアメリカ東インド艦隊司令長官は誰か。,ビッドル
50,5,ペリー来航後、挙国的対策を立てようとした幕府の老中首座は誰か。,阿部正弘
50,6,ペリー来航の3カ月後に、長崎に来航したロシアの使節は誰か。,プチャーチン
50,7,ペリーと幕府とのあいだで締結した条約の名称を記せ。,日米和親条約
50,8,日米和親条約を締結したのは西暦何年か。,1854年
50,9,ハリスとの条約の交渉に当たり、天皇に条約の勅許を求めた老中首座は誰か。,堀田正睦
50,10,堀田正睦の交渉のあとを受け、勅許を得られないまま条約の調印を断行したのは誰か。,井伊直弼
50,11,ハリスと幕府とのあいだで締結した条約の名称を記せ。,日米修好通商条約
50,12,日米修好通商条約を締結したのは西暦何年か。,1858年
50,13,日米修好通商条約の第4条に「別冊の通」と協定関税に関する取決めがある。これによると、日本側にいかなる不利が生じるのか。簡潔に記せ。,関税自主権の欠如
50,14,日米修好通商条約の第6条によると、日本側にいかなる不利益が生じるのか。簡潔に記せ。,領事裁判権(治外法権)の容認
50,15,幕府は日米修好通商条約と類似の条約を、オランダ・ロシア・イギリス・フランスとも結んだ。これを総称して何というか。,安政の五カ国条約
50,16,日米修好通商条約の調印に反対した当時の天皇は誰か。,孝明天皇
50,17,ペリー来航後、幕政に参画した前水戸藩主は誰か。,徳川斉昭
50,18,日本からの輸出品の中心となったものは何か。,生糸
50,19,幕府は1860年に生糸・水油などの貿易統制をした。これを何というか。,五品江戸廻送令
50,20,1862年、薩摩藩士が横浜近郊でイギリス人を殺傷した。のちの薩英戦争をまねく原因ともなったこの事件を何というか。,生麦事件
51,1,将軍徳川家定の継嗣として、越前藩主・薩摩藩主らが推した一橋家の人物は誰か。,徳川慶喜
51,2,井伊直弼が反対派の公家や大名をおさえ、その家臣ら多数を処罰した出来事を何というか。,安政の大獄
51,3,安政の大獄で捕らえられ死刑になった長州藩士は誰か。,吉田松陰
51,4,安政の大獄に憤激した水戸脱藩の志士たちが井伊直弼を暗殺した事件を何というか。,桜田門外の変
51,5,井伊直弼の死後、公武合体政策を推進した老中は誰か。,安藤信正
51,6,安藤信正が尊王攘夷の論客から批判され、水戸脱藩士らに傷つけられた事件を何というか。,坂下門外の変
51,7,1862年、松平慶永が任命された職名は何か。,政事総裁職
51,8,また、徳川慶喜が任命された職名は何か。,将軍後見職
51,9,また、京都の治安維持のため新設された職名を記せ。,京都守護職
51,10,天皇尊崇思想と外国人排斥思想を結びつけた、幕末の水戸学の思想を何というか。,尊王攘夷論
51,11,会津・薩摩両藩の兵が長州藩勢力と急進派公家を京都から追放した事件を何というか。,八月十八日の政変
51,12,八月十八日の政変で追放された急進派の公家で、のち明治新政府で太政大臣をつとめたのは誰か。,三条実美
51,13,1864年、長州藩が京都に攻めのぼり、会津・桑名・薩摩藩兵と交戦したが敗れて退いた事件を何というか。,禁門の変(蛤御門の変)
51,14,1866年、幕府が別段強く調印し貿易の不平等がさらに拡大することになった取決めを何というか。,改税約書
51,15,幕府に天皇と雄藩を支持する立場をとったイギリス公使は誰か。,パークス
51,16,1863年、門閥・身分によらず志願によって組織された長州藩内の軍隊を何というか。,奇兵隊
51,17,奇兵隊を率いて藩の主導権を握り、藩論を恭順から倒幕へと転換させたのは誰か。,高杉晋作
51,18,高杉晋作とともに、長州藩で倒幕運動の中心になったのは誰か（のち木戸孝允と改名）。,桂小五郎
51,19,幕末に薩摩藩と長州藩とのあいだで結ばれた軍事同盟の密約を何というか。,薩長連合(薩長同盟)
51,20,坂本龍馬とともに薩摩藩と長州藩との仲介に奔走した土佐の人物は誰か。,中岡慎太郎
52,1,1867年、討幕派の機先を制するため将軍徳川慶喜は政権を返還するとの上表を朝廷に提出した。この上表を答えよ。,大政奉還の上表
52,2,大政奉還の上表の提出を朝廷に勧言した公武合体派の土佐藩の前藩主は誰か。,山内豊信
52,3,大政奉還の上表を山内豊信に進言した後、京都で暗殺された土佐藩士は誰か。,坂本龍馬
52,4,坂本龍馬とともに進言した土佐藩士は誰か。,後藤象二郎
52,5,大政奉還の上表の提出と同じ日、朝廷から薩長両藩に密かに下された武力倒幕の命令を何というか。,討幕の密勅
52,6,討幕の密勅を朝廷で画策した公家は誰か。,岩倉具視
52,7,1867年、倒幕派は薩摩藩などの武力を背景に朝廷でクーデタを決行し摂関・幕府の廃絶等を指令した命令を発した。これを何というか。,王政復古の大号令
52,8,12月9日夜、慶喜に辞官納地を命じる処分が決定された。その会議を答えよ。,小御所会議
52,9,1868年、戊辰戦争の発端となり旧幕府側が京都に進撃し敗退した戦いを何というか。,鳥羽・伏見の戦い
52,10,同年、東征軍参謀西郷隆盛と交渉し江戸城の無血開城をおこなった旧幕臣は誰か。,勝海舟(義邦)
52,11,1868年、奥羽越列藩同盟と交戦し江戸城の無血開城をおこなった旧幕臣は誰か。,奥羽越列藩同盟
52,12,東征軍の進撃に備えて東北諸藩が結成した反政府同盟を何というか。,戊辰戦争
52,13,鳥羽・伏見の戦いから翌年の箱館五稜郭の戦いまでの旧幕府側と新政府側の戦いを何というか。,榎本武揚
52,14,五稜郭に立てこもって交戦した旧幕臣は誰か。,五箇条の誓文
52,15,1868年、新政府が公議世論の尊重と開国和親などの国策の基本を公布した。この基本方針を何というか。,政体書
52,16,同年新政府の政治組織が制定された。これを何というか。,五榜の掲示
52,17,五箇条の誓文を亡命した翌日、新政府は旧幕府の対民政政策をそのまま引き継ぐかたちで庶民の心得を掲げた。これを何というか。,蕃書調書
52,18,同年、新政府が設置した翻訳局や外交文書の翻訳にあたる機関を答えよ。,世直し一揆
52,19,社会不安の中1866年から続発した農民たちによる一揆を何というか。,ええじゃないか
52,20,1867年、東海・東山・北陸の農民一揆で蜂起した人々を鎮圧したのは誰か。,咸臨丸
53,1,藩・長・土・肥をはじめ諸藩が領地と領民を天皇に返還したことを何というか。,版籍奉還
53,2,新政府が版籍奉還を全国藩主に命じたのは西暦何年か。,1869年
53,3,五箇条の誓文の草案を作成し版籍奉還を画策したのは誰か。,木戸孝允
53,4,旧大名に対して新政府が石高に応じて与えることにしたのを何というか。,家禄
53,5,旧大名にとって家禄はこれまでの年貢収入に比べてどれくらいの割合になったか。,10分の1(1割)
53,6,旧藩主はそのまま藩知事に当たった。その際新政府から任命された職名を何というか。,知藩事
53,7,新政府は全国の藩を廃止して府県に統一する改革を断行した。これを何というか。,廃藩置県
53,8,廃藩置県は西暦何年に断行されたか。,1871年
53,9,廃藩置県を断行する際新政府は藩・長・土3藩から兵をつのって軍事力を固めた。この兵を何というか。,御親兵
53,10,御親兵を断行する際新政府は中央政府内3府に派遣された地方行政官を何というか。,府知事
53,11,同じく県に派遣された地方行政官を何というか。,県令
53,12,国民皆兵を原則とし満20歳に達した男性から選抜して3年間の兵役に服させる兵制が立てられた。これを何というか。,徴兵令
53,13,徴兵令は西暦何年に公布されたか。,1873年
53,14,徴兵令公布の前年、徴兵の文字がみられる太政官布告が出された。これを何というか。,徴兵告諭
53,15,徴兵令公布を実現させた元長州藩の奇兵隊指揮官は誰か。,山県有朋
53,16,徴兵令公布に向けて弾圧した違法で徴兵反対を唱えた長州藩出身者は誰か。,大村益次郎
53,17,当時1人当たり2円を支払うことで兵役免除が認められた。その免除料はいくらか。,270円
53,18,1871年新政府が大規模な徴兵団を米欧諸国に派遣した。誰か。,岩倉具視
53,19,1874年、首都東京の警察組織が創設された。これを何というか。,西郷隆盛
53,20,同年設立された東京警視庁の初代大警視は誰か。,警視庁
54,1,版籍奉還後封建的身分制度の撤廃が進められ藩主・公家・士族・百姓・町人をそれぞれ新しく何と呼んだか順に答えよ。,華族・士族・平民
54,2,封建的身分制度の撤廃が進む中解放令が布告されたのは西暦何年か。,1871年
54,3,藩主・公家・藩士・旧幕臣などの家禄・賞典禄が全廃されたことを何というか。,秩禄処分
54,4,秩禄処分の代償として政府が支給した証書を何というか。,金禄公債証書
54,5,旧武士たちの多くは慣れない商売に手を出し失敗した。これを揶揄して何というか。,士族の商法
54,6,収入の道を閉ざされた旧武士たちを救済するためにとられた農業・工業・商業への産業奨励策を何というか。,士族授産
54,7,旧武士たちに帯刀することを禁じた法令を何というか。,廃刀令
54,8,税制の近代化と財政の安定のために政府が実施した新しい土地制度・税制の改革を何というか。,地租改正
54,9,地租改正に関する条例が公布されたのは西暦何年のことか。,1873年
54,10,地租改正の際、課税の基準を不安定な収穫高から何に変更したか。,地価
54,11,土地所有者・場所・面積・地価などを記載した土地所有権の確認書を何というか。,地券
54,12,1870年代に設置され鉱工業・交通部門を管掌し産業の近代化に貢献した官庁は何か。,工部省
54,13,殖産興業政策のためにつくられた群馬県の製糸工場を答えよ。,官営模範工場
54,14,1872年に、フランスの技術を導入して開業した群馬県の製糸工場の名を記せ。,富岡製糸場
54,15,明治時代に政府から特権を与えられ、独占的に利益をあげた事業家を何というか。,政商
54,16,郵便汽船三菱会社を経営し、海運業で独占的地位を築いた15の代表的人物は誰か。,岩崎弥太郎
54,17,北海道の開拓と経営のために設けられた行政機関を何というか。,開拓使
54,18,郵便制度を建議しその創設に尽力したのは誰か。,前島密
54,19,士族授産と北海道の開拓・ロシア対策を目的とする制度が設けられた。それは何か。,屯田兵制度
54,20,円を基準に十進法を採用した新しい貨幣制度が確立した。その条例を答えよ。,新貨条例
55,1,明治初期の旧習打破西洋文物採用の風潮を何というか。,文明開化
55,2,文明開化の象徴とされる明治初期のヘアスタイルを何というか。,ざんぎり頭
55,3,自由民権運動の理論的支柱となったルソーの人間は本来自由平等でありそれらは天から賦与された権利であるという思想は明治の日本では何と呼んだか。,天賦人権の思想
55,4,ルソーの社会契約論の一部を翻訳して民約訳解を刊行するなど自由民権運動の理論的指導者として活躍したのは誰か。,中江兆民
55,5,天は人の上に人を造らず人の下に人を造らずで始まり個人の独立心と国家の隆盛も学問によって取り立つことを説いた本の名を答えよ。,学問のすゝめ
55,6,学問のすゝめの著者で慶応義塾の創始者イギリス流功利主義の立場をとった思想家は誰か。,福沢諭吉
55,7,福沢諭吉の著書のうち欧米諸国の事情を紹介したものは何か。,西洋事情
55,8,スマイルズの自助論を翻訳して西国立志編を出版した思想家は誰か。,中村正直
55,9,中村正直がミルの自由論を翻訳して出版した本の名は何か。,自由之理
55,10,1873年に設立され近代思想の普及につとめた思想団体名を記せ。,明六社
55,11,明六社び団体設立の発起人でのち初代文部大臣になったのは誰か。,森有礼
55,12,フランスの学区制を取り入れ近代的な学校制度に関する規定が公布された。これを何というか。,学制
55,13,学制は西暦何年に公布されたか。,1872年
55,14,1868年神仏分離令が発表され神道を国教とする方針が発表された。この法令を答えよ。,神仏分離令
55,15,神仏分離令を機に、全国で吹き荒れた仏教排撃の行動を何というか。,廃仏毀釈
55,16,1872年政府が神道国教化推進を表明して設置された官庁を答えよ。,大教宣布の詔
55,17,外国の布教を受け政府がキリスト教禁止の高札を撤廃したのは西暦何年のことか。,1873年
55,18,同志社を創立した宗教家・教育者は誰か。,新島襄
55,19,鉛製活字の量産技術の導入に成功し、活版印刷術の本格的発達をもたらしたのは誰か。,本木昌造
55,20,旧暦から太陽暦に改められたのは西暦何年か。,1872年
56,1,1871年、日清間に締結された条約の名称を記せ。,日清修好条規
56,2,琉球漂流民殺害事件に端を発し、1874年に明治政府がはじめて海外に派兵した出来事を何というか。,台湾出兵
56,3,朝鮮の鎖国政策を武力で打破し、国交を開こうとする主張を何というか。,征韓論
56,4,征韓論が否決され、それを主張していた参議がいっせいに辞職した出来事を何というか。,明治六年の政変
56,5,日本の軍艦が首都漢城近くで朝鮮側を挑発して戦闘に発展した事件を何というか。,江華島事件
56,6,江華島事件は西暦何年におこったか。,1875年
56,7,1876年、日本と朝鮮とのあいだで締結された条約を記せ。,日朝修好条規(江華条約)
56,8,沖縄県の設置は西暦何年のことか。,1879年
56,9,駐露公使の榎本武揚が交渉し、日露間で結ばれた領土に関する条約名を記せ。,樺太・千島交換条約
56,10,樺太・千島交換条約は西暦何年に締結されたか。,1875年
56,11,1876年に日本政府が統治を再開した太平洋上の島々の名を記せ。,小笠原諸島
56,12,自由民権運動の口火を切って、左院に提出された国会開設要求書を何というか。,民撰議院設立の建白書
56,13,民撰議院設立の建白書が提出されたのは西暦何年のことか。,1874年
56,14,征韓論争に敗れて下野したが、後藤象二郎らと愛国公党を設立するとともに、民撰議院設立の建白書を提出して自由民権運動を牽引した人物は誰か。,板垣退助
56,15,民撰議院設立の建白書の提出に参加したが、佐賀の乱をおこして刑死した人物の名を記せ。,江藤新平
56,16,佐賀の乱は西暦何年に勃発したか。,1874年
56,17,廃刀令発布に憤激した熊本の不平士族が起こした乱を何というか。,敬神党(神風連)の乱
56,18,敬神党(神風連)の乱は西暦何年に勃発したか。,1876年
56,19,西南戦争を引きおこした首領の名を記せ。,西郷隆盛
56,20,西南戦争は西暦何年に勃発したか。,1877年
57,1,板垣退助が土佐に帰って同志を集め、設立した自由民権運動の政治結社名を記せ。,立志社
57,2,立志社の中心人物で、板垣を助けて自由民権運動に奔走したのは誰か。,片岡健吉
57,3,1875年に、民権派の全国組織化を目指して、大阪で設立された政治結社名を記せ。,愛国社
57,4,1875年発表の、時間をかけて立憲制に移行すべきことを盛り込んだ詔勅を何というか。,漸次立憲政体樹立の詔
57,5,1875年に政府が公布した、民権運動家に対する言論弾圧法規を2つ記せ。,讒謗律
57,6,立志社が片岡健吉を総代として天皇に提出しようとした、国会開設を求める意見書を何というか。,立志社建白
57,7,1880年に愛国社を改称し、国会開設を求めて活動しはじめた団体を記せ。,国会期成同盟
57,8,1880年に公布された、政府が各地の政治結社の活動を制限した法律は何か。,集会条例
57,9,フランス流の急進論をとなえ、1881年に結成された政党を記せ。,自由党
57,10,自由党の党首の名を記せ。,板垣退助
57,11,1881年、北海道で政府物件が不当に安く払い下げられようとしていると報じられ、問題となった。この出来事を何というか。,開拓使官有物払下げ事件
57,12,1881年に政府内で伊藤博文らが対立する参議などを罷免し、薩長藩閥政権を確立した出来事を何というか。,明治十四年の政変
57,13,伊藤博文らの政権が、国会開設を公約して出した詔勅を何というか。,国会開設の勅諭
57,14,イギリス流の議院内閣制を主張して、1882年に結成された政党を記せ。,立憲改進党
57,15,明治十四年の政変で罷免されたが、立憲改進党を立ち上げて党首となった人物は誰か。,大隈重信
57,16,1882年の福島事件で、首謀者として検挙された福島自由党員の名を記せ。,河野広中
57,17,1880年代の騒擾の中で規模がもっとも大きく、鎮圧に軍隊まで出動した事件を何というか。,秩父事件
57,18,1887年、片岡健吉らが地租の軽減、言論・集会の自由、外交失策の回復を政府諸機関に要求して行った運動を何というか。,三大事件建白運動
57,19,三大事件建白運動と呼応し、党派の別なく団結して国会開設に備えようという動き（運動）を何というか。,大同団結の動き(運動)
57,20,三大事件建白運動・大同団結運動に対し、政府が民権派を東京から追放しようとした法令を何というか。,保安条例
58,1,太政官制を廃し、内閣制度が発足したのは西暦何年のことか。,1885年
58,2,日本初代の内閣総理大臣は誰か。,伊藤博文
58,3,山県有朋を中心に進められた地方制度改革に助言を与えたドイツ人顧問は誰か。,モッセ
58,4,政府の憲法草案作成に助言を与えたドイツ人顧問は誰か。,ロエスレル
58,5,1888年に設置され、憲法草案の審議にあたった天皇の諮問機関を何というか。,枢密院
58,6,大日本帝国憲法が発布されたのは西暦何年か。,1889年
58,7,民定憲法に対し、天皇が定めて国民に与える憲法のことを何というか。,欽定憲法
58,8,議会が関与できない、天皇がもつ大きな権限のことを何というか。,天皇大権
58,9,陸海軍を指揮・統率する権限は内閣から独立して天皇に直属していた。このことを何というか。,統帥権の独立
58,10,帝国議会で公選議員からなる議院名を記せ。,衆議院
58,11,帝国議会で皇族・華族・勅選議員・多額納税者議員からなる議院名を記せ。,貴族院
58,12,1884年に定められた、貴族院の土台を作ることになった法令は何か。,華族令
58,13,1889年に制定された、皇位の継承や摂政の制度などを定めた皇室制度の基本法は何か。,皇室典範
58,14,政府に招かれて来日し、民法などの編纂に当たったフランス人法学者は誰か。,ボアソナード
58,15,この民法が、日本の家族制度の美風を壊すとして生じた論争は何か。,民法典論争
58,16,民法出デテ忠孝亡ブという論文を書き、この民法を厳しく批判したのは誰か。,穂積八束
58,17,日本初の衆議院議員選挙は西暦何年におこなわれたか。,1890年
58,18,政党側は旧民権派結集の動きに対抗して政府の政策は政党の意向に左右されてはならないと主張した。この立場を何というか。,超然主義
58,19,その声明を出した首相の名を記せ。,黒田清隆
58,20,政党側と政府が対立し、第一議会の時の首相は誰か。,山県有朋
59,1,1871年、条約改正の予備交渉と視察の目的で、米欧に渡った遣外大使は誰か。,岩倉具視
59,2,岩倉具視のあとを受け、関税自主権の回復交渉に当たった外務卿は誰か。,寺島宗則
59,3,岩倉具視・寺島宗則のあとを受けて条約改正に尽力したが、外国人判事採用に対する批判や、極端な欧化主義に対する反感が強まり、辞任した外務卿（のち外務大臣）は誰か。,井上馨
59,4,外国要人接待に使用された社交場の名にちなんで、当時の外交を何と呼んだか。,鹿鳴館外交
59,5,井上馨のあとの外相も、外国人判事問題をめぐる強い反対論や、玄洋社の一青年による襲撃事件で、やむなく交渉を中断した。その外相は誰か。,大隈重信
59,6,1891年におきたロシア皇太子襲撃事件を何というか。,大津事件
59,7,大隈重信のあとを受け改正交渉に取り組むも、6のため日露辞任した外相は誰か。,青木周蔵
59,8,イギリスとのあいだで、領事裁判権の撤廃を内容とする条約が結ばれた。条約名を記せ。,日英通商航海条約
59,9,その条約調印に成功したのは西暦何年のことか。,1894年
59,10,他の欧米諸国とも交渉し、領事裁判権の撤廃に成功した外相は誰か。,陸奥宗光
59,11,関税自主権の回復に成功した外相は誰か。,小村寿太郎
59,12,その実現は西暦何年のことか。,1911年
59,13,朝鮮で親日的な閔氏一族に反対する軍隊が反乱をおこし、これに呼応した民衆が日本大使館を包囲した。この事件を何というか。,壬午軍乱(壬午事変)
59,14,清国に依存しはじめた閔氏一族に対し、独立党がおこしたクーデタを何というか。,甲申事変
59,15,壬午軍乱(壬午事変)で悪化した日清関係を打開するため天津条約が結ばれた。西暦何年のことか。,1885年
59,16,1894年に朝鮮でおきた、減税と排日を要求する農民の反乱を何というか。,甲午農民戦争(東学の乱)
59,17,日清戦争は西暦何年におきたか。,1894年
59,18,日清戦争後の講和条約を何というか。,下関条約
59,19,下関条約を結んだ日本側全権を2人記せ。,伊藤博文・陸奥宗光
59,20,下関条約を結んだ清国側の全権は誰か。,李鴻章
60,1,日清戦争開戦を機に、平民的欧化主義から対外膨張論に転じた人は誰か。,徳富蘇峰
60,2,徳富蘇峰が近代民族主義の必要性を説き示した、民友社の機関誌の名を記せ。,国民之友
60,3,雑誌『太陽』で日本主義をとなえ、日本の大陸進出を肯定した人は誰か。,高山樗牛
60,4,日清戦争の勝利と三国干渉は、政府と政党の関係を大きく変化させた。第2次伊藤博文内閣を公然と支持し、軍備拡張予算を承認した政党名を記せ。,自由党
60,5,第2次松方正義内閣と提携した政党名を記せ。,進歩党
60,6,第3次伊藤博文内閣の超然主義に対し、自由党・進歩党が合併して内閣を退陣に追い込んだ。合併して誕生した政党名を記せ。,憲政党
60,7,憲政党の政党を基盤にしてわが国初の政党内閣が誕生した。その内閣の名称を記せ。,隈板内閣
60,8,隈板内閣の内閣の総理大臣は誰か。,大隈重信
60,9,隈板内閣の内閣の内務大臣は誰か。,板垣退助
60,10,憲政党の政党結成と隈板内閣の政党内閣誕生は同じ年の出来事である。西暦何年のことか。,1898年
60,11,隈板内閣の次の内閣が、政党の力が官僚におよぶのを防ぐために改正した法令名を記せ。,文官任用令
60,12,また、政党の力が軍部におよばぬように、陸・海軍大臣の任用は現役の大将・中将に限ることを法制化した。この制度を名を記せ。,軍部大臣現役武官制
60,13,また、政治・労働運動の規制を強化する目的で新たに公布した治安立法名を記せ。,治安警察法
60,14,軍部大臣現役武官制が定められ治安警察法が公布されたのは西暦何年か。,1900年
60,15,文官任用令を改正し、軍部大臣現役武官制を定め、治安警察法を公布した内閣の総理大臣名を記せ。,山県有朋
60,16,憲政党は解党し、伊藤派の官僚とともに新党（総裁伊藤博文）を結成した。政党名を記せ。,立憲政友会
60,17,立憲政友会の結成は西暦何年か。,1900年
60,18,1900年代初期の10数年間、軍部・官僚・貴族勢力と政党勢力が政界を二分し、交互に組閣した。官僚などの勢力を背景に3度総理大臣をつとめた人は誰か。,桂太郎
60,19,同じく、立憲政友会を背景に2度総理大臣をつとめた人は誰か。,西園寺公望
60,20,第二線を退いても非公式に天皇を補佐し、首相の選任権を握り、重要政務の決定に影響力をもった山県有朋や伊藤博文らの重臣のことを何と呼ぶか。,元老
61,1,列強の中国進出に関して、門戸開放・機会均等等を列国に提案したアメリカ国務長官は誰か。,ジョン=ヘイ
61,2,1900年、「扶清滅洋」とさえる団体が中国各地で外国人排斥運動を展開した。清朝政府もこれに同調して列国に宣戦布告をした。この戦いを何というか。,北清事変(義和団戦争)
61,3,北清事変(義和団戦争)のあと、清国と列国のあいだでとりかわされた講和条約を何というか。,北京議定書
61,4,ロシアの南下政策に対し、「満韓交換」交渉を望む伊藤博文の主張を何というか。,日露協商論
61,5,桂太郎内閣がイギリスと同盟して韓国での権益を守る方針をとり、同国と締結した協約名を記せ。,日英同盟約(日英同盟)
61,6,日英同盟約(日英同盟)を締結したのは西暦何年か。,1902年
61,7,日露戦争は西暦何年に勃発したか。,1904年
61,8,日本が対戦の末に旅順要塞を陥落させたあとの日露戦争最大の陸戦を何というか。,奉天会戦
61,9,日本連合艦隊がバルチック艦隊を全滅させた、日露戦争最大の海戦を何というか。,日本海海戦
61,10,1905年に日本とロシアで調印した講和条約を何というか。,ポーツマス条約
61,11,ポーツマス条約に調印した日本側全権大使(①)と、ロシア側の全権大使(②)の名を記せ。,①小村寿太郎②ウィッテ
61,12,日露の講和を斡旋したアメリカ大統領は誰か。,セオドア=ローズヴェルト
61,13,講和条約の内容について、次の各文の空欄に適語を記せ。ロシアは、(13)に対する日本の指導・監督権を全面的に認める。,韓国
61,14,講和条約の内容について、次の各文の空欄に適語を記せ。ロシアは、清から(14)(2カ所)の租借権と(15)以南の鉄道とその付属の利権を日本に譲渡する。,旅順・大連
61,15,講和条約の内容について、次の各文の空欄に適語を記せ。ロシアは、北緯50度以南の(16)と付属の諸島を日本に譲渡する。,長春
61,16,講和条約の内容について、次の各文の空欄に適語を記せ。ロシアは、沿海州とカムチャッカの漁業権を日本に認める。,樺太(サハリン)
61,17,講和条約の内容に不満を爆発させた、民衆の暴動事件を何というか。,日比谷焼打ち事件
61,18,人道主義の立場から非戦論・反戦論をとなえたキリスト教徒は誰か。,内村鑑三
61,19,平民社をおこし『平民新聞』を創刊して、非戦論・反戦論をとなえた人を2人記せ。,幸徳秋水・堺利彦
61,20,「君死にたまふこと勿れ」とうたう反戦詩を『明星』に発表した歌人は誰か。,与謝野晶子
62,1,1905年に日本は韓国の外交権を奪った。この取決めを何というか。,第2次日韓協約
62,2,第2次日韓協約の時、韓国の外交を統轄するために漢城においた日本の機関は何か。,統監府
62,3,第2次日韓協約の時、初代韓国統監になったのは誰か。,伊藤博文
62,4,第2次日韓協約に対し、韓国皇帝はオランダの第2回万国平和会議に密使を送って抗議した。このことを何というか。,ハーグ密使事件
62,5,日本が韓国を併合して植民地化したのは西暦何年か。,1910年
62,6,それ（1910年）以後、京城（漢城を改称）にあって統治に当たった機関は何か。,朝鮮総督府
62,7,朝鮮総督府の初代総督に任命されたのは誰か。,寺内正毅
62,8,遼東半島南端にある日本の租借地を統治するために、1906年に設置された機関は何か。,関東都督府
62,9,旧東清鉄道沿線の鉄鉱の経営をするために、1906年につくられた会社を何というか。,南満洲鉄道株式会社(満鉄)
62,10,清朝を倒した中国の革命を何というか。,辛亥革命
62,11,革命勃発の年は西暦何年か。,1911年
62,12,三民主義をとなえ、この革命を指導したのは誰か。,孫文
62,13,革命の結果、南京で成立した新しい共和制国家の名を記せ。,中華民国
62,14,新しい共和制誕生は西暦何年か。,1912年
62,15,日本で最初に結成された社会主義政党の名称を記せ。,社会民主党
62,16,社会民主党が結成されたのは西暦何年か。,1901年
62,17,また、1906年に結成され、政府からその存続を認められた社会主義政党の名を記せ。,日本社会党
62,18,天皇暗殺計画の容疑で、幸徳秋水ら26人の無政府・社会主義者が逮捕・起訴された事件を何というか。,大逆事件
62,19,大逆事件の事件は西暦何年の出来事か。,1910年
62,20,1901年から10年以上にわたって、桂太郎と西園寺公望とが交互に内閣を担当した。この時代を何というか。,桂園時代
63,1,大正政変は西暦何年の出来事か。,1913年
63,2,大正政変で退陣した首相は誰か。,桂太郎
63,3,大正の初めに、「閥族打破・憲政擁護」を叫んで展開された倒閣運動を何と呼ぶか。,第1次護憲運動
63,4,第1次護憲運動の先頭に立って活躍した立憲政友会員は誰か。,尾崎行雄
63,5,尾崎行雄とともに運動の中心となって活躍した立憲国民党員は誰か。,大養毅
63,6,ドイツ・オーストリア・イタリアのあいだで締結された、相互防衛条約の名称を記せ。,三国同盟
63,7,三国同盟と同じく、イギリス・フランス・ロシアのあいだで締結された、対ドイツ包囲体制の名称を記せ。,三国協商
63,8,第一次世界大戦は西暦何年(a)に始まり、西暦何年(b)に終わったか。,1914年
63,9,大戦中に中国で利権を拡大するため、日本が袁世凱政府につきつけた要求は何か。,二十一カ条の要求
63,10,二十一カ条の要求は西暦何年のことか。,1915年
63,11,1917年に日米間で締結された中国に関する協定は何か。,石井・ランシング協定
63,12,ロシア革命は西暦何年の出来事か。,1917年
63,13,日・米・英・仏が、ロシア革命に対しておこなった軍事的干渉を何というか。,シベリア出兵
63,14,シベリア出兵は日本の場合西暦何年(a)から始まり、西暦何年(b)に終わったか。,1918年
63,15,「国家の主権の活動の基本的の目標は政治上人民にあるべし」と説き、大正デモクラシーの指導理論を展開した政治学者は誰か。,吉野作造
63,16,吉野作造は、デモクラシーを何と訳したか。,民本主義
63,17,大正時代に全国的に広まった、米価廉売要求の暴動を何というか。,米騒動
63,18,米騒動の鎮圧に軍隊を出動させて批判をあび、総辞職した内閣の総理大臣は誰か。,寺内正毅
63,19,寺内正毅の内閣が日本の権益確保のため、段祺瑞政権に与えた巨額の借款を何というか。,西原借款
63,20,立憲政友会総裁として、わが国ではじめて本格的政党内閣を組織したのは誰か。,原敬
64,1,第一次世界大戦後の講和条約を何というか。,ヴェルサイユ条約
64,2,ヴェルサイユ条約は西暦何年に調印されたか。,1919年
64,3,1919年に中国でおきた反日国民運動を何というか。,五・四運動
64,4,1919年に朝鮮全土で展開された、日本からの独立を求める大衆運動を何というか。,三・一独立運動
64,5,1921年開催の、海軍軍備制限と太平洋・極東問題を審議する国際会議を何というか。,ワシントン会議
64,6,ワシントン会議で締結された、太平洋諸島の現状維持と紛争解決に関する条約は何か。,四カ国条約
64,7,中国の領土と主権尊重・門戸開放・機会均等を約束した条約は何か。,九カ国条約
64,8,九カ国条約と同じ年、米・英・日・仏・伊の五大国で主力艦の保有比率を定めた条約は何か。,ワシントン海軍軍備制限条約
64,9,九カ国条約とワシントン海軍軍備制限条約の条約が締結されたのは西暦何年か。,1922年
64,10,新しい国際秩序のもとで、国際協調外交を推進した政治家は誰か(a)。また、その外交は彼の名にちなんで何と呼ばれたか(b)。,幣原喜重郎
64,11,雑誌『青鞜』を発刊し、女性解放を目指す運動を始めたのは誰か。,平塚らいてう(明)
64,12,平塚らいてうらによって1911年に設立された、女性のみの文学者団体を何というか。,青鞜社
64,13,平塚らいてうらが1920年に設立し、女性の地位を高める運動を展開した団体を何というか。,新婦人協会
64,14,被差別部落の住民に対する社会的差別を、自主的に撤廃しようとする運動が本格化し、1922年に結成された団体の名を記せ。,全国水平社
64,15,護憲三派を中心に、普選断行・行政整理などをとなえておこした、憲政擁護運動を何というか。,第2次護憲運動
64,16,第2次護憲運動の運動は西暦何年におきたか。,1924年
64,17,第2次護憲運動の運動が力を奏して新しく誕生した、3党連立内閣の総理大臣の名を記せ。,加藤高明
64,18,加藤高明の内閣が成立させた、衆議院議員選挙法の通称を記せ。,普通選挙法
64,19,加藤高明の内閣が成立させた、社会主義運動を取り締まるための法律の名称を記せ。,治安維持法
64,20,普通選挙法と治安維持法が成立したのは西暦何年か。,1925年
65,1,1871年に、金本位制をたてまえとして公布された、貨幣制度に関する条例名を記せ。,新貨条例
65,2,1872年に不換紙幣の整理などを目的として公布された条例名を記せ。,国立銀行条例
65,3,1881年に大蔵卿に就任し、財政緊縮・紙幣整理などデフレ政策をとったのは誰か。,松方正義
65,4,1882年に、松方正義の建議によって設立された中央銀行の名を記せ。,日本銀行
65,5,1885年、政府は日本銀行に兌換紙幣を発行させ、翌年からは政府紙幣の正貨兌換も始めた。 この時点で確立した貨幣の制度を何というか。,銀本位制
65,6,清国からの賠償金を準備金として、金本位制が確立したのは西暦何年か。,1897年
65,7,手織機に取り入れられた、ジョン＝ケイ発明の新しい装置を何というか。,飛び杼
65,8,臥雲辰致が発明して普及した紡績機械を何というか。,ガラ紡
65,9,1883年に、輸入紡績機械や蒸気機関を用いた、大規模経営の近代的紡績会社が大阪に開業した。その会社名を記せ。,大阪紡績会社
65,10,大阪紡績会社を設立したのは誰か。,渋沢栄一
65,11,1897年に木製力織機を発明し、1926年には自動織機を完成させた発明家は誰か。,豊田佐吉
65,12,幕末から手動装置による巻き取り製糸法が普及した。これを何というか。,座繰製糸
65,13,座繰製糸に対し、複数の作業者がおこなう生糸の巻き取りを1本の軸で連結し、水車などで回転させる効率的な製糸法を何というか。,器械製糸
65,14,生糸の輸出量が輸入量を上まったのは西暦何年か。,1897年
65,15,生糸の輸出量で、日本が世界最大の生糸輸出国となったのは何年か。,1909年
65,16,1881年に華族を主体として設立された、日本最初の私鉄会社の名を記せ。,日本鉄道会社
65,17,日本全国各地に鉄道がしかれたが、青森から下関までつながったのは何の後か。,日清戦争
65,18,第1次西園寺公望内閣は、日露戦争直後に全国鉄道網の統一的管理を目指して新しい法令を公布された。その法令名を記せ。,鉄道国有法
65,19,鉄道国有法が公布されたのは西暦何年か。,1906年
65,20,1885年に、郵便汽船三菱会社と共同運輸会社が合併してできた海運会社の名を記せ。,日本郵船会社
66,1,政商などから出発し、企業集中を強めていった同族的大独占資本のことを何というか。,財閥
66,2,清国の鉄鉱石と筑豊の石炭を使用して操業した、九州の官営製鉄所名を記せ,八幡製鉄所
66,3,日清戦争後の造船奨励政策のもとで成長した、九州の大規模造船所名を記せ。,三菱長崎造船所
66,4,耕作から離れて小作料の収入に依存する大地主を何というか。,寄生地主
66,5,労働組合結成促進の母体として、1897年に組織された団体の名を記せ。,労働組合期成会
66,6,渡米して労働運動を学び、片山潜らと労働組合期成会を組織したのは誰か。,高野房太郎
66,7,横山源之助が、産業革命期の労働者の過酷な状態を調査して刊行した著書名を記せ。,日本之下層社会
66,8,農商務省が全国工場労働者の実態を調査して、1903年に刊行した報告書名を記せ。,職工事情
66,9,栃木県にあった鉱山精錬所の鉱毒が、周辺の農漁業に深刻な被害をもたらした公害事件とは何か。,足尾鉱毒事件
66,10,足尾鉱毒事件の問題解決に奔走し、天皇への直訴を試みた衆議院議員は誰か。,田中正造
66,11,第2次山県有朋内閣が労働運動を取り締まるために制定した法令の名を記せ。,治安警察法
66,12,治安警察法の法令は西暦何年に制定されたか。,1900年
66,13,日本で最初に制定された工場労働者保護法の名を記せ。,工場法
66,14,工場法の法令は西暦何年に制定されたか。,1911年
66,15,労働者階級の地位向上と労働組合育成を目的として、1912年に組織された労働団体の名を記せ。,友愛会
66,16,友愛会を組織し、会長となった人は誰か。,鈴木文治
66,17,友愛会が1921年に名称を改め、階級闘争主義に転換した。新しい名称を記せ。,日本労働総同盟
66,18,1920年に日本ではじめて労働者の祭典がおこなわれた。これを何というか。,(第1回)メーデー
66,19,1921年頃から頻発した、小作料の引下げを求める争議を何というか。,小作争議
66,20,1922年に杉山元治郎らによって結成された小作人組合の全国組織を記せ。,日本農民組合
67,1,明治政府の神道国教化政策に反対し、廃仏毀釈で打撃を受けた仏教を立ち直らせた浄土真宗の僧侶は誰か。,島地黙雷
67,2,幕末に生まれた民衆宗教など、明治政府から宗教として公認された神道を何というか。,教派神道
67,3,明治初期に来日し、札幌農学校で教えたアメリカ人は誰か。,クラーク
67,4,学制を廃し、アメリカの教育制度を参考にして公布した法令名を記せ。,教育令
67,5,教育令が公布されたのは西暦何年か。,1879年
67,6,小学校・中学校・師範学校・帝国大学などからなる学校体系を整備した法令名を記せ。,学校令
67,7,学校令を公布した文部大臣は誰か。,森有礼
67,8,学校令が公布されたのは西暦何年か。,1886年
67,9,義務教育が6年に延長されたのは西暦何年か。,1907年
67,10,忠君愛国が教育の基本であることが強調された勅語を何というか。,教育勅語(教育に関する勅語)
67,11,教育勅語は西暦何年に発布されたか。,1890年
67,12,教育勅語に対する拝礼を拒否して、教壇を追われた第一高等中学校の講師は誰か。,内村鑑三
67,13,明治から昭和初期にかけて、創設された東京・京都・東北・九州・北海道・京城・台北・大阪・名古屋の9つの官立高等教育機関のことを何というか。,帝国大学
67,14,1903年に、小学校の教科書は文部省の著作に限定された。この教科書を何というか。,国定教科書
67,15,大隈重信によって開かれた私学の名を記せ。,東京専門学校(早稲田大学)
67,16,大森貝塚の発見や、ダーウィンの進化論の紹介などに功績のあったアメリカの動物学者・考古学者は誰か。,モース
67,17,医学生の教育に尽力し、一方で日本の社会を批判した日記を残したドイツ人は誰か。,ベルツ
67,18,破傷風の血清療法を確立するなど、日本医学の発展に貢献した細菌学者は誰か。,北里柴三郎
67,19,タカジアスターゼを発明し、アドレナリンの抽出に成功した科学者は誰か。,高峰譲吉
67,20,原子構造の研究に尽力した物理学者は誰か。,長岡半太郎
68,1,明治初期に人気を博した、戯作文学の代表的著作『安愚楽鍋』の著者は誰か。,仮名垣魯文
68,2,自由民権運動期に誕生した政治小説『経国美談』の著者は誰か。,矢野龍溪
68,3,自由民権運動期に誕生した政治小説『佳人之奇遇』の著者は誰か。,東海散士
68,4,西洋の文芸理論をもとに写実主義を提唱した人は誰か。,坪内逍遙
68,5,坪内逍遙が1885年に発表した評論は何か。,小説神髄
68,6,言文一致体の『浮雲』を発表し、坪内逍遙の提唱を文学作品として結実させた人は誰か。,二葉亭四迷
68,7,『金色夜叉』の作者で、写実主義を掲げながらも文芸小説の大衆化を進めた人は誰か。,尾崎紅葉
68,8,尾崎紅葉や山田美妙を中心に結成された文学団体を記せ。,硯友社
68,9,硯友社が発刊した回覧雑誌を何というか。,我楽多文庫
68,10,坪内逍遙の内面尊重を受け継ぎ、東洋哲学を基盤とする理想主義的な作品を著した人は誰か。,幸田露伴
68,11,1893年に創刊され、ロマン主義文学の拠点となった文芸雑誌の名を記せ。,文学界
68,12,文学界を創刊し、ロマン主義運動を提唱したのは誰か。,北村透谷
68,13,文学界の創刊にも参加し、『若菜集』などの詩集を発表してロマン主義を主張したが、のち自然主義作家となった人は誰か。,島崎藤村
68,14,1900年に創刊され、ロマン主義運動の中心となった文芸雑誌の名を記せ。,明星
68,15,ロマン主義全盛期に活躍した歌人で、日露戦争批判の詩「君死にたまふこと勿れ」を発表した人は誰か。,与謝野晶子
68,16,ロマン派の女流作家で『たけくらべ』の作者は誰か。,樋口一葉
68,17,俳句の革新と万葉調和歌の復興を進め、『ホトトギス』を創刊した俳人は誰か。,正岡子規
68,18,『一握の砂』の作者で、社会主義思想を盛り込んだ生活詩を残した詩人は誰か。,石川啄木
68,19,『吾輩は猫である』を発表して一躍名をあげた、反自然主義の小説家は誰か。,夏目漱石
68,20,『阿部一族』などの歴史小説も発表した、反自然主義の小説家は誰か。,森鷗外
69,1,明治の初めに、文明開化の風俗を取り入れて新作を発表した歌舞伎作者は誰か。,河竹黙阿弥
69,2,明治中期の歌舞伎黄金時代を、その3人の名優の名にちなんで何というか。,団菊左時代
69,3,川上音二郎らの壮士芝居を起源とし、日清戦争前後から通俗小説の劇化を加えて発展した演劇を何というか。,新派劇
69,4,歌舞伎や新派劇に対して、西洋の近代劇を翻訳・上演する近代演劇を何というか。,新劇
69,5,坪内逍遙らにより結成され、新劇の発展に寄与した演劇団体は何か。,文芸協会
69,6,小山内薫らにより結成され、新劇の発展に寄与した演劇団体は何か。,自由劇場
69,7,専門的な音楽教育を目的として、1887年に設立された音楽教育機関を何というか。,東京音楽学校
69,8,「荒城の月」「鳩ぽっぽ」などの曲を残した、明治期の代表的作曲家は誰か。,滝廉太郎
69,9,在日中に日本美術に興味をもち、その振興に大きく貢献したアメリカ人は誰か。,フェノロサ
69,10,フェノロサの感化を受けて日本美術の復興につとめ、東京美術学校設立に尽力し、校長をつとめたのは誰か。,岡倉天心
69,11,岡倉天心を中心に日本画家・彫刻家らが結成した美術団体の名を記せ。,日本美術院
69,12,「悲母観音」などの作品を残した日本画家は誰か。,狩野芳崖
69,13,フランス印象派の画風を学び、「湖畔」などの作品を残した洋画家は誰か。,黒田清輝
69,14,日本初の西洋美術団体を何というか。,明治美術会
69,15,明治美術会を創立し、「収穫」などを残した明治の代表的洋画家は誰か。,浅井忠
69,16,黒田清輝らが創立し、画壇の主流を形成した洋画団体を何というか。,白馬会
69,17,1907年に文部省が開設した、日本画・洋画・彫刻の3部門からなる総合展覧会を何というか。,文部省美術展覧会(文展)
69,18,文部省美術展覧会は1919年に改組された。新たに設立された展覧会の名称を記せ。,帝国美術院美術展覧会(帝展)
69,19,「老猿」などの作品を残し、彫刻の近代化に努力した彫刻家は誰か。,高村光雲
69,20,アメリカ・フランスで学んで、西洋流の彫塑を特徴とした彫刻家は誰か。代表作は「女」,荻原守衛
70,1,第一次世界大戦時、造船・海運で巨利を得た大富豪のことを何というか。,船成金
70,2,『貧乏物語』を著したマルクス主義経済学者は誰か。,河上肇
70,3,『善の研究』を著し、独自の哲学体系を打ちたてたのは誰か。,西田幾多郎
70,4,民間伝承の調査・研究を通じて、無名の民衆の生活史を明らかにする民俗学を確立したのは誰か。,柳田国男
70,5,『刺青』『痴人の愛』を発表した耽美派作家は誰か。,谷崎潤一郎
70,6,『腕くらべ』を発表した耽美派作家は誰か。,永井荷風
70,7,『友情』『その妹』を発表した白樺派の理論的指導者は誰か。,武者小路実篤
70,8,『暗夜行路』『和解』を発表した白樺派の作家は誰か。,志賀直哉
70,9,『羅生門』『鼻』を発表した新思潮派の作家は誰か。,芥川龍之介
70,10,『恩讐の彼方に』『父帰る』を発表した新思潮派の作家は誰か。,菊池寛
70,11,労働運動に参加し、『蟹工船』を発表したプロレタリア文学の代表的作家は誰か。,小林多喜二
70,12,『太陽のない街』を発表したプロレタリア文学の代表的作家は誰か。,徳永直
70,13,1924年、わが国最初の新劇の常設劇場として建設され、多数の翻訳劇を上演し、新劇運動の中心となった劇場はどこか。,築地小劇場
70,14,1909年に自由劇場、1924年に土方与志らと築地小劇場を創立し、欧米の近代劇の紹介につとめた新劇演出家は誰か。,小山内薫
70,15,日本美術院を再興し、日本画の近代化を目指した画家は誰か。代表作は「生々流転」。,横山大観
70,16,浅井忠に学び、二科会に所属し、「金蓉」などの作品を発表した洋画家は誰か。,安井曾太郎
70,17,春陽会に参加し、一連の「麗子像」に独特の境地を開いた洋画家は誰か。,岸田劉生
70,18,黄熱病の研究など、広範囲にわたり業績を残した細菌学者は誰か。,野口英世
70,19,KS磁石鋼を発明した物理・冶金学者は誰か。,本多光太郎
70,20,『古事記』『日本書紀』に科学的分析を加え、日本古代史の解明に貢献した歴史学者は誰か。,津田左右吉
71,1,関東大震災は西暦何年におこったか。,1923年
71,2,震災手形の処理法案審議に端を発し、ついに取付け騒ぎがおこって銀行の休業が続出した。この経済的混乱を何というか。,金融恐慌
71,3,金融恐慌の際に、緊急勅令による台湾銀行救済に失敗して、総辞職した内閣の総理大臣は誰か。,若槻礼次郎
71,4,金融恐慌を収拾するために、立憲政友会の政府が出した法令名を記せ。,モラトリアム(支払猶予令)
71,5,「社会主義」政党と称することがはばかられ、それに変わって用いられるようになった言葉を何というか。,無産政党
71,6,無産政党のうち、1926年に結成された政党名を記せ。,労働農民党(労農党)
71,7,第1回普通選挙が実施されたのは西暦何年か。,1928年
71,8,日本共産党の活動に対し、1928年に政府がおこなった大弾圧を何というか。,三・一五事件
71,9,日本共産党の活動に対し、1929年に政府がおこなった大弾圧を何というか。,四・一六事件
71,10,日本人居留民保護を名目に、1927年から3次にわたっておこなわれた中国における日本の軍事行動を何というか。,山東出兵
71,11,満州軍閥の巨頭で、国民革命軍に圧迫され、敗走中に奉天郊外で爆殺されたのは誰か。,張作霖
71,12,張作霖の爆殺事件は西暦何年におきたか。,1928年
71,13,孫文の後継者として国民革命軍を率いて、北伐を進めたのは誰か。,蔣介石
71,14,モラトリアム(支払猶予令)を発し、三・一五事件・四・一六事件・山東出兵を断行した内閣の総理大臣は誰か。,田中義一
71,15,金輸出解禁(金解禁)が断行されたのは西暦何年か。,1930年
71,16,金解禁を断行し、さらに緊縮財政を推進した当時の大蔵大臣は誰か。,井上準之助
71,17,英・米・日のあいだで補助艦の保有率をほぼ10:10:7と決定した条約は何か。,ロンドン海軍軍備制限条約
71,18,ロンドン海軍軍備制限条約は西暦何年に調印されたか。,1930年
71,19,金解禁の断行と、ロンドン海軍軍備制限条約の調印を命じた内閣の総理大臣は誰か。,浜口雄幸
71,20,ロンドン海軍軍備制限条約の調印に対し、海軍軍令部などは政府が兵力を決定したことに反対して激しく政府を攻撃した。その決定を問題視した根拠は何か。,統帥権の干犯
72,1,満州事変の端緒となった、奉天郊外の鉄道爆破事件を何というか。,柳条湖事件
72,2,柳条湖事件は西暦何年の出来事か。,1931年
72,3,柳条湖事件のあと、不拡大方針を表明するも、事態を収拾できず総辞職した内閣の総理大臣は誰か。,若槻礼次郎
72,4,事件の翌年、日本は満州国と日本の権益や日本軍駐屯などに関する協定を結んだ。その協定を何というか。,日満議定書
72,5,国際連盟が満州事変調査のために、現地に派遣した調査団の団長名を記せ。,リットン
72,6,日本が国際連盟からの脱退を通告したのは西暦何年か。,1933年
72,7,海軍青年将校の一団が、犬養毅首相を暗殺した事件を何というか。,五・一五事件
72,8,五・一五事件は西暦何年の出来事か。,1932年
72,9,五・一五事件のあと、挙国一致内閣を組織し、日満議定書をとりかわした海軍出身の首相は誰か。,斎藤実
72,10,1932年、井上日召の率いる右翼団員によって井上準之助らが暗殺された事件を何というか。,血盟団事件
72,11,世界恐慌後、イギリスでとられた閉鎖的保護貿易政策を何というか。,ブロック経済圏(政策)
72,12,満州事変後の国家主義高揚の中で、社会主義・共産主義から国家社会主義への思想上の変節が強制的になされた。この変節のことを何というか。,転向
72,13,法人としての国家が主権の主体で、「君主は国家の最高機関なり」とする憲法学説を何というか。,天皇機関説
72,14,天皇機関説を説いて天皇主権説と対立し、貴族院議員を辞職させられた東大教授は誰か。,美濃部達吉
72,15,陸軍・右翼などの圧力により、岡田内閣は天皇機関説を否認する声明を出した。これを何というか。,国体明徴声明
72,16,1933年、その刑法学説が自由主義的であるとして休職させられた京大教授は誰か。,滝川幸辰
72,17,陸軍皇道派の青年将校が、首相官邸・警視庁を襲ったクーデタを何というか。,二・二六事件
72,18,二・二六事件は西暦何年の出来事か。,1936年
72,19,陸軍の青年将校に思想的影響を与え、事件鎮圧後、銃殺された右翼の巨頭は誰か。,北一輝
72,20,二・二六事件の事件後、首相となり、軍部大臣現役武官制を復活させたのは誰か。,広田弘毅
73,1,1933年にドイツで樹立された全体主義体制を何と呼ぶか。,ナチズム
73,2,1936年に形成されたドイツ・イタリア両国の協力関係を何と呼ぶか。,枢軸(ベルリン＝ローマ枢軸)
73,3,張学良が蔣介石を監禁し、内戦停止と抗日を要求した事件を何というか。,西安事件
73,4,日中戦争の発端となった、北京郊外でおきた日本軍と中国軍との衝突事件を何というか。,盧溝橋事件
73,5,盧溝橋事件は西暦何年の出来事か。,1937年
73,6,盧溝橋事件のあと、不拡大方針をとった首相は誰か。,近衛文麿
73,7,1937年、国民党と共産党が再度提携して抗日民族統一戦線が成立した。このことを何というか。,第2次国共合作
73,8,日本軍が国民政府の首都を占領した時、引きおこした略奪・暴行事件を何というか。,南京事件
73,9,宣戦布告なきこの戦争を、当時の日本政府は何と呼んだか。,北支事変(支那事変)
73,10,日・満・華の連帯をうたって近衛文麿が1938年11月3日に出した声明を何というか。,東亜新秩序声明
73,11,1940年に樹立された新国民政府の首班として、重慶から迎えられたのは誰か。,汪兆銘
73,12,日中戦争開始後、政府が国家主義・軍国主義を鼓吹し、国民に戦争協力をうながすために展開した運動を何というか。,国民精神総動員運動
73,13,政府が議会の承認なしに、人材・物的資源の統制運用ができるとした法律は何か。,国家総動員法
73,14,国家総動員法は西暦何年に出されたか。,1938年
73,15,国家総動員法にもとづき、国民を強制的に軍需工場に徴用できる勅令が出された。その勅令を何というか。,国民徴用令
73,16,国家総動員法にもとづき、公定価格制を導入し、経済統制を強化するための勅令が出された。その勅令を何というか。,価格等統制令
73,17,砂糖・マッチなど、生活必需品の消費を制限するためにとられた方法は何か。,切符制
73,18,総労働力を戦争に動員させる目的で、政府はいっさいの労働組合を解散させ、厚生大臣を総裁とする労働団体の全国組織をつくった。これを何というか。,大日本産業報国会
73,19,大日本産業報国会は西暦何年に設立されたか。,1940年
73,20,政府の大陸政策を批判したため、1937年に大学を追われた東京帝国大学教授は誰か。,矢内原忠雄
74,1,1940年、近衛文麿首相が中心となり、諸政党を解党・吸収して創立した政治組織は何か。,大政翼賛会
74,2,ドイツがポーランドに侵攻を開始し、第二次世界大戦が始まったのは西暦何年か。,1939年
74,3,米・英から重慶の国民政府への物資輸入路を何というか。,援蔣ルート
74,4,援蔣ルートを遮断する目的で、フランス領インドシナ北部へ軍を進めたたことを何というか。,北部仏印進駐
74,5,アメリカを仮想敵国とし、日・独・伊が政治的・軍事的な相互援助を約した協定は何か。,日独伊三国同盟
74,6,北部仏印進駐・日独伊三国同盟は西暦何年の出来事か。,1940年
74,7,日本とソ連が中立友好・領土保全・不可侵を約した条約は何か。,日ソ中立条約
74,8,1939年と同じ年に、日本はフランス領インドシナ南部に軍を進めた。西暦何年のことか。,1941年
74,9,日米交渉で、米国務長官の示した最後提案案を何というか。,ハル＝ノート
74,10,1941年10月に首相となり、戦争遂行のための独裁権を握ったのは誰か。,東条英機
74,11,太平洋戦争は何年に始まり、何年に終わったか。西暦で記せ。,a1941年b1945年
74,12,日本側の戦局が不利に展開し、敗戦の岐路ともなった1942年の戦いを何と呼ぶか。,ミッドウェー海戦
74,13,欧米列強の支配からアジアを解放し、日本を中心とした共存共栄をはかることが戦争の目標であるとして発表したスローガンを記せ。,大東亜共栄圏
74,14,大東亜共栄圏の地域の結束を誇示しようと、満州国・南京政府・タイなどの首脳が東京に集められた会議を何というか。,大東亜会議
74,15,市部の学童を集団的に疎開させ、地方の旅館や寺院などに移住させたことを何というか。,学童疎開
74,16,戦争終結の条件を模索し、無条件降伏を実現して終戦を導いた内閣の総理大臣は誰か。,鈴木貫太郎
74,17,戦時中、東条・中の3巨頭が対戦について協議し、発表された宣言は何か。,カイロ宣言
74,18,1945年、米・英・ソの3巨頭がクリミア半島で会談して結んだ協定は何か。,ヤルタ秘密協定
74,19,カイロ宣言の会談に出席した、米(ロ)、英(ウィン)、ソ(ス)の3巨頭は誰か。,aローズヴェルトbチャーチルcスターリン
74,20,1945年、米・英・中の3国の名で、日本の戦後処理方針と日本軍の無条件降伏勧告からなる宣言が発表された。この宣言を何というか。,ポツダム宣言
75,1,ポツダム宣言にもとづき、日本占領のために設けられた最高司令部を何というか。,連合国(軍)最高司令官総司令部(GHQ)
75,2,その最高司令官となり、戦後の日本を統治したアメリカ軍人は誰か。,マッカーサー
75,3,連合国の占領政策決定の最高機関で、米・英・ソなど11か国からなるものは何か。,極東委員会
75,4,最高指揮官の略語関係機関として、米・英・ソ・中で構成されたものは何か。,対日理事会
75,5,降伏文書に調印し、降伏文書の調印ならびに終戦処理に当たった首相は誰か。,東久邇宮稔彦
75,6,東久邇宮稔彦のあとを受け、憲法草案の作成、新選挙法による選挙を実施した首相は誰か。,幣原喜重郎
75,7,東京裁判にA級戦犯28人に対する、連合国の裁判を何というか。,東京裁判
75,8,政・財・官界などの公職から、陸海軍軍人・超国家主義者を排除した指令を何というか。,公職追放
75,9,1945年に2が6に対して指示した、労働組合の結成奨励、教育制度の自由主義的改革などの5項目のことを何というか。,五大改革
75,10,五大改革の指令でおこなわれた、寄生地主制を除去し、安定した自作農経営を大量に創出することを目的とした改革を何というか。,農地改革
75,11,五大改革の指令で、三井・三菱などの資産凍結・株式の整理などがおこなわれた。これを何というか。,財閥解体
75,12,1947年制定の、持株会社やカルテル・トラストなどを禁止する法律は何か。,独占禁止法
75,13,1947年制定の、巨大独占企業の分割を命じる法律は何か。,過度経済力集中排除法
75,14,1947年制定の、労働条件の最低基準を規定した法律は何か。,労働基準法
75,15,1945年制定の、労働組合の団結権・団体交渉権・争議権の保障などを含む法律は何か。,労働組合法
75,16,1946年制定の、議員選挙方法や争議行為の制限を規定した法律は何か。,労働関係調節法
75,17,1947年制定の、教育の機会均等・義務教育9年・男女共学などを規定した法律,教育基本法
75,18,1947年制定の、6・3・3・4制の新学制などを規定した法律は何か。,学校教育法
75,19,戦後、教育行政の地方分権化を目指して都道府県と市町村に設置されたものは何か。,教育委員会
75,20,1946年、天皇の神格を否定する詔書が出された。これを何というか。,人間宣言
76,1,日本国憲法が施行された西暦(①)と月日(②)を記せ。,a1947年b5月3日
76,2,日本国憲法で明示された天皇の地位を記せ。,象徴
76,3,日本国憲法第9条の主旨を記せ。,戦争放棄
76,4,日本国憲法の3原則を記せ。,主権在民・平和主義・基本的人権の尊重
76,5,新選挙法にもとづく最初の衆議院議員総選挙は西暦何年におこなわれたか。,1946年
76,6,1945年に制定された新選挙法は歴史的にみて、従来のものと画期的な違いがみられる。何が認められたか。,女性参政権
76,7,1945年に制定された新選挙法で、選挙権の年齢資格は満何歳以上になったか。,20歳
76,8,新選挙法にもとづく初の総選挙で、第一党になった政党の名を記せ。,日本自由党
76,9,日本自由党の総裁で、戦後初の政党内閣を組織したのは誰か。,吉田茂
76,10,吉田茂に協力して運立内閣を組織した、もう1つの保守政党の名を記せ。,日本進捗党
76,11,旧無産政党系を統合して、戦後に結成された政党の名を記せ。,日本社会党
76,12,徳田球一・志賀義雄らが1945年に合法政党として活動を再開した政党の名を記せ。,日本共産党
76,13,1947年の総選挙で第一党となり、初の社会主義政党内閣を実現した首相は誰か。,片山哲
76,14,片山哲のあと民主党総裁が組閣したが、昭和電工事件で退陣した。この総裁は誰か。,芦田均
76,15,幣原喜重郎内閣がインフレ抑制のため貨幣流通量を減らそうとして出した法令を記せ。,金融緊急措置令
76,16,金融緊急措置令が出されたのは西暦何年のことか。,1946年
76,17,内閣の時、資材と資金を石炭・鉄鋼などの重要産業部門に集中する方針が閣議決定された。この政策を何というか。,傾斜生産方式
76,18,傾斜生産方式が閣議決定されたのは西暦何年のことか。,1946年
76,19,石炭・鉄鋼など基幹産業復興のため、1947年に設立された政府の金融機関は何か。,復興金融金庫(復金)
76,20,戦後まもなく、全国的規模のゼネスト・ストライキ、いわゆる二・一ゼネストが計画されたが、GHQの命令で中止された。その西暦年(①)と月日(②)を記せ。,a1947年b2月1日
77,1,第二次世界大戦後、アメリカ国務長官が発表したヨーロッパの経済復興援助計画を何というか。,マーシャル＝プラン
77,2,アメリカと西欧諸国が1949年に結成した共同防衛組織を何というか。,北大西洋条約機構(NATO)
77,3,ソ連と東欧7か国が1955年に結成した共同防衛組織を何というか。,ワルシャワ条約機構
77,4,第二次世界大戦後、国内戦に勝利した中国共産党が北京に樹立した国家名を記せ。,中華人民共和国
77,5,中華人民共和国の成立は西暦何年か。,1949年
77,6,第二次世界大戦後、朝鮮半島のアメリカ占領地域に建国された国名を記せ。,大韓民国
77,7,第二次世界大戦後、ソ連の占領地域に建国された国名を記せ。,朝鮮民主主義人民共和国
77,8,日本経済自立のため、GHQは総予算の均衡・徴税の強化・物価の統制など9項目を実行するように指令した。これを何というか。,経済安定九原則
77,9,経済安定九原則を具体化した政策案で、デトロイト銀行頭取を招いて立案したものを何というか。,ドッジ＝ライン
77,10,1949年に設定された単一為替レートでは、1ドルがいくらであったか。,360円
77,11,アメリカの税制専門家シャウプによってなされた、税制改革勧告を何というか。,シャウプ勧告
77,12,1948年から1954年まで連続して内閣を組織し、対米協調・経済復興を主眼とした政策を実施した首相は誰か。,吉田茂
77,13,朝鮮戦争は西暦何年に始まり、何年に休戦となったか。,a1950年b1953年
77,14,朝鮮戦争中にGHQの指令で日本に創設された治安部隊は何か。,警察予備隊
77,15,朝鮮戦争勃発の頃からおこなわれた、共産主義者追放のことを何というか。,レッド＝パージ
77,16,第二次世界大戦後、日本と48か国とのあいだで調印された平和条約を何というか。,サンフランシスコ平和条約
77,17,サンフランシスコ平和条約と同日に調印された、日本とアメリカとのあいだの条約を何というか。,日米安全保障条約(安保条約)
77,18,サンフランシスコ平和条約・日米安全保障条約(安保条約)が調印されたのは西暦何年か。,1951年
77,19,1949年に日本で初めてノーベル賞を受賞したのは誰か。,湯川秀樹
77,20,法律案審議整理の焼損をきっかけに、1950年に制定された法律は何か。,文化財保護法
78,1,「雪どけ」の中、1963年に米・英・ソの3か国が調印した核実験に関する条約は何か。,部分的核実験禁止条約
78,2,平和共存路線を打ち出し、アメリカのアイゼンハワー大統領と首脳会談をしたソ連の首相は誰か。,フルシチョフ
78,3,1967年、西欧6か国はEECを発展させた統合組織を結成した。これを何というか。,ヨーロッパ共同体(EC)
78,4,インドネシアのバンドンに29の新興独立国家が結集し、平和共存・反植民地主義など平和十原則を決議した会議を何というか。,アジア＝アフリカ会議(バンドン会議)
78,5,アジア＝アフリカ会議(バンドン会議)は西暦何年に開催されたか。,1955年
78,6,1952年に暴力主義的破壊活動の規制を目的とした法律が成立した。その法律を記せ。,破壊活動防止法(破防法)
78,7,1954年、防衛協力を念頭にアメリカと締結された協定を記せ。,MSA協定
78,8,1954年に発足した、陸・海・空の3隊からなる組織を何というか。,自衛隊
78,9,1955年の保守二大政党制現以降、40年間近く続いた政治体制を何というか。,55年体制
78,10,日米とソ連の国交回復を実現した宣言を何というか。,日ソ共同宣言
78,11,日米とソ連の国交回復を実現した首相は誰か。,鳩山一郎
78,12,日米安全保障条約の改定に取り組んだ首相は誰か。,岸信介
78,13,所得倍増スローガンに、高度経済成長を促進する政策をとった首相は誰か。,池田勇人
78,14,日本と大韓民国とのあいだの国交樹立を果たした条約を記せ。,日韓基本条約
78,15,沖縄返還協定が発効し、沖縄の日本復帰が実現したのは西暦何年か。,1972年
78,16,日韓基本条約の締結と沖縄の日本復帰を実現させた首相は誰か。,佐藤栄作
78,17,全国水平社を継承して結成された部落解放全国委員会は、1955年に名称を改めた。新しい名称を記せ。,部落解放同盟
78,18,同和対策審議会の答申に基づいて、1969年に施行された法律を記せ。,同和対策事業特別措置法
78,19,新潟水俣病・イタイイタイ病・水俣病の被害者が、企業に損害賠償を求めた訴訟を何というか。,四大公害訴訟
78,20,1967年、公害の規制や企業・行政の責務を明らかにするために制定された法律は何か。,公害対策基本法
79,1,ベトナム和平協定が成立して、アメリカがベトナムから撤退したのは西暦何年か。,1973年
79,2,1960年代の後半、アメリカの国際収支が著しく悪化し、金準備も減少していった。この状況を何というか。,ドル危機
79,3,1975年に開催された、アメリカ・日本・西ドイツ・イギリス・フランス・イタリア6か国首脳による経済成長や貿易・通貨問題などを調整する会議を何というか。,先進国首脳会議(サミット)
79,4,みずから訪中して日中共同声明を発表し、日中国交正常化を実現した首相は誰か。,田中角栄
79,5,その日中国交正常化は西暦何年に実現したか。,1972年
79,6,アメリカ大企業の航空機リベート汚職をめぐる収賄容疑で、田中角栄が逮捕された事件を何というか。,ロッキード事件
79,7,1978年に日中平和友好条約を締結した時の首相は誰か。,福田赳夫
79,8,行政改革を推進し、電電公社・専売公社・国鉄の民営化を断行した首相は誰か。,中曽根康弘
79,9,中曽根康弘が導入をはかり、次の内閣で実現した大型間接税を何というか。,消費税
79,10,消費税を実現したが、リクルート事件の疑惑の中で退陣した首相は誰か。,竹下登
79,11,全国大日本労働組合連合会に継承され合流し、1989年に結成された組合組織を記せ。,日本労働組合総連合会(連合)
79,12,日本の貿易黒字の大幅拡大で、欧米諸国とのあいだに発生した現象を何というか。,貿易摩擦
79,13,ペレストロイカを訴え、政治・社会の自由化を進めたソ連指導者は誰か。,ゴルバチョフ
79,14,ゴルバチョフが1987年に締結した、全廃条約の名称を答えよ。,中距離核戦力(INF)全廃条約
79,15,東西ドイツが統一を実現したのは西暦何年か。,1990年
79,16,クウェートに侵攻したイラクに対して、アメリカが軍を主力とする「多国籍軍」が国連決議を背景に武力制裁を加えた戦争を何というか。,湾岸戦争
79,17,1992年、宮沢喜一内閣のもとで成立した、自衛隊の海外派遣関連法の名称を記せ。,国連平和維持活動(PKO)協力法
79,18,1994年に衆議院に導入された新しい選挙制度は何か。,小選挙区比例代表並立制
79,19,1985年のG5でドル高是正のための介入が合意された。このことを何というか。,プラザ合意
79,20,1986年から始まった、実態とかけ離れた地価や株価の高騰による経済を何というか。,バブル経済