deck_id,order_num,front_text,back_text
41,1,"次の肥料の中で、金肥に該当しないものを選べ。a干鰯 b〆粕 c刈敷 d油粕 e糠","c"
41,2,"17世紀末、日本最初の体系的農業書である『農業全書』を著したのは誰か。","宮崎安貞"
41,3,"いりこ・干し鰯・ふかひれなどを詰め物にした、蝦夷地の輸出品を何というか。","俵物"
41,4,"瀬戸内海の沿岸をはじめ、各地でおこなわれるようになった、高度な土木技術を要する製塩法を何というか。","入浜塩田"
41,5,"鰹節の生産がとくに多かったのは薩摩国・伊豆国と、もう1つはどこか。国名で答えよ。","土佐国"
41,6,"金襴・緞子などの高級品を、高機を用いて独占的に織ったのは京都のどこか。","西陣"
41,7,"銚子と並ぶ関東の醤油の特産地をあげよ。","野田"
41,8,"17世紀の初め、富士川・高瀬川などを整備・開削し、内陸水運を発達させた豪商は誰か。","角倉了以"
41,9,"17世紀前半から始まった、大坂から江戸に大型の帆船を用いて、多様な商品を運送した定期船は何と呼ばれたか。","菱垣廻船"
41,10,"18世紀前半、大坂・江戸間に酒荷専用の船が就航し菱垣廻船と争った。この船を何というか。","樽廻船"
41,11,"東廻り・西廻り海運を整備し、全国規模の海上交通網を完成させた江戸の商人は誰か。","河村瑞賢"
41,12,"18世紀末に登場した、日本海の遠隔地を結んだ廻船を何というか。","北前船"
41,13,"五街道は東海道・中山道・甲州道中・日光道中と、もう1つは何か。","奥州道中"
41,14,"小仏の関所は五街道のどこに属するか。","甲州道中"
41,15,"箱根の関所は五街道のどこに属するか。","東海道"
41,16,"関東の関所で、とくにきびしく取り締まったものは何か。","入鉄砲に出女"
41,17,"五街道を管理するため、17世紀半ばからおかれた役職は何か。","道中奉行"
41,18,"全国で整備された、五街道に接続した主要な道路を何というか。","脇街道(脇往還)"
41,19,"各宿駅におかれた、公用の書状や荷物を継ぎ送りする施設を何というか。","問屋場"
41,20,"各宿駅に準備された、大名らの宿泊施設を何というか。","本陣(脇本陣)"
42,1,"徳川家康がつくらせた、同じ規格・品質の金・銀貨を何というか。","慶長金銀"
42,2,"小判などの金貨をつくった幕府の貨幣鋳造所をあげよ。","金座"
42,3,"一両小判のような計数貨幣に対し、重さを価値の単位とした貨幣を何というか。","秤量貨幣"
42,4,"秤量貨幣を2種類あげよ。","丁銀・豆板銀"
42,5,"ばく大な量の銅銭・鉄銭をつくった貨幣鋳造所の名称を答えよ。","銭座"
42,6,"銭座でつくられた銭貨で、1636年以降鋳造され、つくられた年代に関係なく同じ年号の名称がつけられている貨幣を答えよ。","寛永通宝"
42,7,"銀遣いとも呼ばれた、銀を商取引の中心としていた西日本の代表的な都市はどこか。","大坂"
42,8,"藩財政の窮乏をおぎなうために発行されたが、領内にしか流通しない紙幣を何というか。","蔵札"
42,9,"三貨の交換や、預金・貸付・手形発行などの金融商売をおこなった商人を何と呼んだか。","西廻海(本廻船)"
42,10,"江戸時代の三都とは、大坂以外にどこをさすか2つあげよ。","江戸・京都"
42,11,"商業経済の中心都市であった大坂は、米を中心とした物資の一大集積地であったことから、とくに何と呼ばれていたか。","天下の台所"
42,12,"諸藩や旗本が年貢米・特産物販売のため、江戸や大坂などにおいた施設を何というか。","蔵屋敷"
42,13,"大名が徴収した米や領内の産物は、大坂の蔵屋敷を経由することから何と呼ばれたか。","蔵物"
42,14,"大坂の蔵屋敷において、物品の取引ににぎわるもの(a)、金銭の出納にたずさわるもの(b)をそれぞれ何というか。","蔵元"
42,15,"蔵屋敷を経由しない一般の商品は、蔵物に対して何と呼ばれたか。","新屋物"
42,16,"大坂から江戸へ向かう廻船に積み荷をする、大坂の連合組織をあげよ。","二十四組問屋"
42,17,"大坂から回送されてきた積み荷を買う、江戸の連合組織をあげよ。","十組問屋"
42,18,"大坂の代表的な卸売市場の地名を答えよ。魚市場(a) 青物市場(b) 米市場(c)","雑喉場"
42,19,"江戸の代表的な卸売市場の地名を答えよ。魚市場(a) 青物市場(b)","日本橋"
42,20,"都市商工業者が、直接農村の生産者に資金や原料を提供し、できあがった製品を引き取る生産形態を何というか。","問屋制家内工業"
43,1,"京都・大坂地方を、江戸と対置して何というか。","上方"
43,2,"大阪商人の井原西鶴が、最初に学んだ談林派の俳人は誰か。","西山宗因"
43,3,"西鶴は途中で小説に転じたが、西鶴が転じた小説は何と呼ばれるか。","浮世草子"
43,4,"西鶴の代表作の1つ、『世間胸算用』は、好色物・武家物・町人物のどれに当たるか。","町人物"
43,5,"松尾芭蕉が確立した、幽玄閑寂の俳諧を何というか。","蕉風(正風)"
43,6,"農村部を旅する芭蕉一行を、多くの人々が支えたことでできた、芭蕉を代表する紀行文をあげよ。","奥の細道"
43,7,"現実の社会や歴史に題材を求め、義理・人情に悩む人々の姿を、人形浄瑠璃や歌舞伎の脚本に描いた作家は誰か。","近松門左衛門"
43,8,"近松門左衛門の作品を語って民衆の共感を呼んだ、浄瑠璃太夫は誰か。","竹本義太夫"
43,9,"荒事で好評を得た、江戸の歌舞伎俳優を答えよ。","市川団十郎"
43,10,"京都・大坂で和事を得意にして人気を得た、歌舞伎俳優は誰か。","坂田藤十郎"
43,11,"女形の代表とされる歌舞伎俳優を答えよ。","芳沢あやめ"
43,12,"朱子学の一派である南学を谷時中から学び、崎門学を広めた儒者は誰か。","山崎闇斎"
43,13,"山崎闇斎が儒教流に解釈した神道を何というか。","垂加神道"
43,14,"知行合一の立場で、現実を批判するなど革新性をもっていたため、幕府から警戒された学派は何か。","陽明学派"
43,15,"陽明学派の中心であった中江藤樹の門人で、岡山藩に重用されたが、武士士着論を説いて幕政を批判したことで、下総古賀に幽閉された儒者は誰か。","熊沢蕃山"
43,16,"儒学の一派で、孔子・孟子の古典に直接立ち返ろうとした学派を何というか。","古学派"
43,17,"朱子学を批判し、幕府により赤穂に流された古学派の祖は誰か。","山鹿素行"
43,18,"柳沢吉保や8代将軍徳川吉宗に重用された、古学派の荻生徂徠が、武士の士着や新しい都市論を述べた著書をあげよ。","政談"
43,19,"武士も商業をおこない、専売制度によって利益をあげるべきと主張した徂徠の門人は誰か。","太宰春台"
43,20,"経世論を発展させた、太宰春台の著書をあげよ。","経済録"
44,1,"新井白石の、朝廷や武家政権の推移を段階的に時代区分して、独自の歴史の見方を展開した著書は何か。","読史余論"
44,2,"植物・動物・鉱物の薬用効果について研究する学問を何というか。","本草学(博物学)"
44,3,"土木の測量や、土木工事の必要から発達した、日本の数学を何というか。","和算"
44,4,"17世紀前期、和算を民間に広げた数学者は誰か。","吉田光由"
44,5,"筆算代数式とその計算法や、円周率計算などですぐれた研究をおこなった数学者は誰か。","関孝和"
44,6,"京都の士御門家に入門し、暦の誤差を修正して、日本独自の暦をつくったのは誰か。","渋川春海(安井算哲)"
44,7,"渋川春海(安井算哲)がこの時つくった暦は何というか。","貞享暦"
44,8,"貞享暦作成の功績により幕府内に設けられた、編暦を行う役職を何というか。","天文方"
44,9,"和歌に使えない言葉が定められてきたことの無意味さと、俗語を用いることの正当さを説いたのは誰か。","戸田茂睡"
44,10,"『万葉集』の研究を重ねることによって、戸田茂睡の説の正しさを主張したのは誰か。","契沖"
44,11,"戸田茂睡や契沖が無意味さを主張した、和歌に使えない言葉を何というか。","制の詞"
44,12,"作者本来の意図を知るため、『源氏物語』や『枕草子』の研究を深めたのは誰か。","北村季吟"
44,13,"戸田茂睡・契沖・北村季吟の古典研究は、古代精神の探求に進み、のちの何という学問に発展したか。","国学"
44,14,"朝廷の絵師になり、土佐派を復興したのは誰か。","土佐光起"
44,15,"土佐派からわかれて住吉派を開いた父如慶のあとを継ぎ、幕府御用絵師として活躍したのは誰か。","住吉具慶"
44,16,"俵屋宗達の装飾的な画法を取り入れて、琳派をおこしたのは誰か。","尾形光琳"
44,17,"大量生産で、安価に入手できることもあって、大きな人気を得た浮世絵の版画を始めたのは誰か。","菱川師宣"
44,18,"色絵を完成し、京焼の祖といわれるのは誰か。","野々村仁清"
44,19,"絵を兄に学び、陶芸は野々村仁清の影響を受け、装飾的で高雅な作品を残しているのは誰か。","尾形乾山"
44,20,"京都の絵師で、友禅染の創始者とされるのは誰か。","宮崎友禅"
45,1,"8代将軍徳川吉宗は何藩の出身か(a)。また、その幕政改革を何というか(b)。","a紀伊(紀州)藩 b享保の改革"
45,2,"吉宗が実施した、各大名に対して臨時に米を幕府におさめさせる制度を何というか。","上げ米"
45,3,"実学の奨励の1つとして、吉宗により輸入制限が緩和されたのは何か。","漢訳洋書"
45,4,"江戸の防火体制を整備するため、享保の改革で組織された町方の消防組織を何というか。","町火消"
45,5,"多くの意見を聞くため、吉宗が評定所門前に設置させた投書箱を何というか。","目安箱"
45,6,"目安箱への投書をもとにつくられた、貧民を対象にした医療施設は何と呼ばれたか。","小石川養生所"
45,7,"判例にもとづいた合理的な司法判断をするため、吉宗が編纂させた基本法は何か。","公事方御定書"
45,8,"急増した金銀貸借に関する訴訟を、幕府に訴えさせず当事者間で解決させるために吉宗が出した法令は何か。","相対済し令"
45,9,"有力な農民が、零細農民を年季奉公人として使役する経営を何というか。","地主手作"
45,10,"18世紀後半から多くなった、村役人と一般農民との対立・騒動を何というか。","村方騒動"
45,11,"村を単位に農民が結集し、領主に要求を掲げて直接行動をおこすことを何というか。","百姓一揆"
45,12,"村々の代表者が、農民全体の利益を代表して領主に直訴することを何というか。","代表越訴型一揆"
45,13,"江戸中期には、村役人を指導者とした、なかには政治的要求まで含まれた大規模な騒動が各地に広まった。こうした騒動を何と呼んでいるか。","惣百姓一揆"
45,14,"18世紀の前半、西日本の天候不順やいなご・うんかの大発生が原因で大凶作になり、西日本のほうから全国的に被害が広がった大災害を何というか。","享保の飢饉"
45,15,"1782年の冷害に始まり、浅間山の大噴火を経て数年におよぶ大凶作のため、東北地方を中心に多数の餓死者を出した大災害を何というか。","天明の飢饉"
45,16,"18世紀前半からしだいに多くなっていった、都市部での暴動を何というか。","打ちこわし"
45,17,"10代将軍徳川家治の時代に、側用人から老中にまで昇進し、10年以上にわたって実権を握ったのは誰か。","田沼意次"
45,18,"田沼意次に蝦夷地開発の必要を進言した仙台藩の医師は誰か。","工藤平助"
45,19,"田沼意次が、蝦夷地調査のため派遣した人物を答えよ。","最上徳内"
45,20,"田沼意次の時代に急増した、幕府・藩から公認された商工業者の同業組合を何というか。","株仲間"
46,1,"徳川吉宗の命で、青木昆陽とともにオランダ語を学んだ本草学者は誰か。","野呂元丈"
46,2,"前野良沢・杉田玄白らによる、西洋医学の解剖書を訳述した著書をあげよ。","解体新書"
46,3,"蘭学の入門書を著し、江戸に芝蘭堂を開いて多くの門人を育てたのは誰か。","大槻玄沢"
46,4,"大槻玄沢の門人の1人、稲村三伯がつくった蘭日辞典をあげよ。","ハルマ和解"
46,5,"高松藩の足軽の家に生まれ、本草学・物理学・文学と多方面にわたる博学多才の人で、秋田藩に西洋画法を伝えたのは誰か。","平賀源内"
46,6,"荷田春満の門人で、師とともに日本の古代思想を追求し、洋学はもとより、儒教・仏教も外来思想として排したのは誰か。","賀茂真淵"
46,7,"賀茂真淵の門人で、日本古来の精神に返ることを主張し、国学を思想的に高めたのは誰か。","本居宣長"
46,8,"本居宣長の主著を答えよ。","古事記伝"
46,9,"徳川光圀が始めた、『大日本史』の編纂事業を中心にしておこった、天皇尊崇と封建的秩序の確立を説いた学派を何というか。","水戸学"
46,10,"兵学者山県大弐が、幕政を批判したとして処刑された事件を何というか。","明和事件"
46,11,"儒教道徳に仏教や神道の教えを加え、町人を中心とする庶民の生活倫理をやさしく説いた心学を始めたのは誰か。","石田梅岩"
46,12,"『自然真営道』で、武士が百姓から搾取する身分社会を批判した陸奥の医者は誰か。","安藤昌益"
46,13,"江戸時代の後半、折衷学派として生まれた実証主義的な儒学の一派を何というか。","考証学派"
46,14,"18世紀の前半、大坂商人の出資を得て大坂に設立された学校を何というか。","懷徳堂"
46,15,"浪人・僧侶・神職などが、出版された教科書を用いて、読み・書き・そろばんなど日常生活に役立つことを教えた庶民の初等教育機関を何というか。","寺子屋"
46,16,"18世紀半ばに、錦絵と呼ばれる多色刷りの浮世絵版画を完成させたのは誰か。","鈴木春信"
46,17,"寛政期に多くの美人画を描いたのは誰か。","喜多川歌麿"
46,18,"大首絵の手法を使い、個性豊かな役者絵や相撲絵を描いた、喜多川歌麿と同時期の絵師は誰か。","東洲斎写楽"
46,19,"写生を重んじ、遠近法を取り入れた作品を描いた流派である円山派を始めたのは誰か。","円山応挙"
46,20,"専門の画家でない、文人や学者が描いた絵を文人画と呼ぶが、とくに有名なのが池大雅と与謝蕪村の合作である。その作品をあげよ。","十便十宜図"
47,1,"田沼意次が失脚した翌年、江戸・大坂など全国の主要都市で発生した暴動を何というか。","天明の打ちこわし"
47,2,"11代将軍の補佐役として老中に就任した、奥州白川藩主は誰か。","松平定信"
47,3,"松平定信による幕政改革を何というか。","寛政の改革"
47,4,"寛政の改革の1つに、飢饉に備えて各地に備蓄蔵をつくらせ米穀を蓄えさせた制度がある。これを何というか。","囲米"
47,5,"寛政の改革の1つである、都市に流入した元百姓で生業をもたない者に、資金を与えて農村に帰ることを奨励した政策は何か。","旧里帰農令"
47,6,"江戸の町々に町費節約を命じ、節約分の7割を積み立てさせ、飢饉・災害時に困窮した貧民を救済する制度を何というか。","七分積金"
47,7,"旗本・御家人の家計を担当した江戸の業者を何というか。","札差"
47,8,"旗本・御家人たちの生活安定のため、札差に貸金を放棄させた松平定信の政策を何というか。","棄捐令"
47,9,"聖堂学問所での、朱子学以外の講義や研究を禁止した松平定信の政策を何というか。","寛政異学の禁"
47,10,"海岸防備を説いたことを、幕政への批判とみられ弾圧された学者は誰か。","林子平"
47,11,"11代将軍との対立に加え、松平定信が老中退陣に追い込まれるきっかけとなった、幕府と朝廷の対立事件を何というか。","尊号一件"
47,12,"藩校を設立し、人材を登用するなど、藩政改革に成功した米沢藩主は誰か。","上杉治憲"
47,13,"通商を求めて、1792年に来日したロシア使節は誰か。","ラクスマン"
47,14,"1804年、長崎に来航したロシア使節の名前は何か。","レザノフ"
47,15,"再三のロシア来航に対応するため、松前藩と蝦夷地をすべて直轄にした。この直轄地を支配した幕府機関は何か。","松前奉行"
47,16,"近藤重蔵と並ぶ北地探検家で、幕命により択捉島を探査したのは誰か。","最上徳内"
47,17,"1811年、国後島に上陸して日本の警備兵に捕らえられたロシア軍艦長は誰か。","ゴローウニン"
47,18,"幕命により、樺太とその対岸を探査したのは誰か。","間宮林蔵"
47,19,"イギリス軍艦が、長崎港に侵入し幕府を驚かした事件を何というか。","フェートン号事件"
47,20,"フェートン号事件のあと多くのイギリス船・アメリカ船が日本近海に出没したため、接近した外国船(清国船など、一部は対象外)を撃退するよう幕府が命じた法令は何か。","異国船打払令(無二念打払令)"
48,1,"関八州を巡回し、無宿人や博徒の逮捕・取締りをおこなった役人を何というか。","関東取締出役"
48,2,"貧民救済のために門弟や民衆を動員して武装蜂起した、大坂奉行所の元与力で陽明学者は誰か。","大塩平八郎"
48,3,"大塩平八郎の影響を受け、大塩平八郎の門弟と称して、越後柏崎の陣屋を襲撃した国学者は誰か。","生田万"
48,4,"浦賀沖に接近し、日本人漂流者を送還して、日本に通交を求めようとしたアメリカ商船を撃退した事件を何というか。","モリソン号事件"
48,5,"モリソン号事件に対して、それぞれ『慎機論』(a)・『戊戌夢物語』(b)を書いて、幕府の外交政策を批判した2人を答えよ。","a渡辺崋山 b高野長英"
48,6,"幕府は、渡辺崋山・高野長英をきびしく処罰した。この弾圧を何というか。","蛮社の獄"
48,7,"引退したあとも、前将軍として実権を握り続けた家斉時代を何政治と呼ぶか。","大御所政治"
48,8,"家斉の死後、12代将軍のもとで、幕政改革をおこなった老中は誰か。","水野忠邦"
48,9,"水野忠邦の幕政改革を何というか。","天保の改革"
48,10,"水野忠邦が農村の再建のため実施した、江戸に流入した貧民を帰郷させる制度を何というか。","人返しの法"
48,11,"物価騰貴の原因は十組問屋などが上方市場からの商品流通を独占しているためと判断した水野忠邦は、対応するためにどのような政策をとったか。","株仲間の解散"
48,12,"改革の失敗につながった、江戸・大坂周辺の地を幕府直轄にする政策を何というか。","上知令"
48,13,"報徳仕法と呼ばれる、農村復興運動に尽力した農政家は誰か。","二宮尊徳"
48,14,"19世紀に入ると一部地域で始まった、分業と協業による手工業生産を何というか。","工場制手工業(マニュファクチュア)"
48,15,"下級藩士から登用され、藩財政の再建に成功した薩摩藩士は誰か。","調所広郷"
48,16,"反射炉や造船所・ガラス製造所などを建設し、産業を発達させた薩摩藩士は誰か。","島津斉彬"
48,17,"調所広郷と同じ下級藩士から登用され、長州藩の財政改革に成功したのは誰か。","村田清風"
48,18,"長州藩が下関においた、商品取引を中心とした商業施設を何というか。","越荷方"
48,19,"本百姓体制の再建・専売制の拡大など藩財政を充実させ、反射炉を備えた大砲製造所を設けるなど藩権力を強化した佐賀藩主は誰か。","鍋島直正"
48,20,"幕府の命令で、伊豆韮山に反射炉を築いた韮山代官は誰か。","江川太郎左衛門(担庵)"
49,1,"『稽古談』で商売をいやしいものとする武士の見方を批判して、藩財政の再建は殖産興業によるべきと主張したのは誰か。","海保青陵"
49,2,"西洋諸国との交易や、蝦夷地開発による富国論を説いた本多利明の著書を答えよ。","経世致用"
49,3,"『経済要録』で、産業の国営化と貿易による重商主義をとなえたのは誰か。","佐藤信淵"
49,4,"本居宣長の門人で、宣長の死後、復古神道を盛んにした国学者は誰か。","平田篤胤"
49,5,"幕府の命を受けて全国の沿岸を実測し、『大日本沿海興地全図』の完成に道を開いたのは誰か。","伊能忠敬"
49,6,"洋書の翻訳に当たらせるために、天文方に設けられた機関は何か。","蛮書和解御用"
49,7,"大坂に適々斎塾(適塾)を開き、多くの人材を育てた蘭学者は誰か。","緒方洪庵"
49,8,"オランダ商館医であったドイツ人シーボルトが、長崎郊外に開いた私塾を何というか。","鳴滝塾"
49,9,"笑いとともに、庶民の生活をいきいきと描いた絵入りの本を何というか。","消摘本"
49,10,"西洋画の手法を取り入れた肖像画の傑作である、『鷹見泉石像』は誰の作品か。","渡辺華山"
49,11,"文章を主とする小説で、歴史や伝説を題材にした本は何か。","読本"
49,12,"江戸で活躍した、読本の代表作者は誰か。","曲亭馬琴"
49,13,"勧善懲悪・因果応報を盛り込み、高い評判を得た曲亭馬琴の代表作品は何か。","南総里見八犬伝"
49,14,"村々に生きる民衆の生活をよみ、多くの作品を残した信濃の農民俳人は誰か。","小林一茶"
49,15,"『富嶽三十六景』は誰の作品か。","葛飾北斎"
49,16,"『東海道五十三次』は誰の作品か。","歌川広重"
49,17,"円山派からわかれ、南画と円山派の写生を統合した四条派を始めたのは誰か。","呉春(松村月渓)"
49,18,"寺の秘仏などを人々に公開することを何というか。","開帳"
49,19,"幕府が公認した、現在の宝くじに相当する興業を何というか。","富突(富くじ)"
49,20,"年6回、ある特定の夜に当番の家に集まり、集団で夜を徹し飲食する信仰の仲間の集まりを何というか。","東中親"
50,1,"アヘン戦争で敗北した清国の劣勢が日本に伝わると、幕府は法令を出して異国船打払令を緩和した。その法令名を記せ。","天保の薪水給与令"
50,2,"天保の薪水給与令は西暦何年に出されたか。","1842年"
50,3,"アヘン戦争後、清国がイギリスに香港島の割譲を認めさせられた条約を何というか。","南京条約"
50,4,"1846年に浦賀に来航し、開国を要求したアメリカ東インド艦隊司令長官は誰か。","ビッドル"
50,5,"ペリー来航後、挙国的対策を立てようとした幕府の老中首座は誰か。","阿部正弘"
50,6,"ペリー来航の3カ月後に、長崎に来航したロシアの使節は誰か。","プチャーチン"
50,7,"ペリーと幕府とのあいだで締結した条約の名称を記せ。","日米和親条約"
50,8,"日米和親条約を締結したのは西暦何年か。","1854年"
50,9,"ハリスとの条約の交渉に当たり、天皇に条約の勅許を求めた老中首座は誰か。","堀田正睦"
50,10,"堀田正睦の交渉のあとを受け、勅許を得られないまま条約の調印を断行したのは誰か。","井伊直弼"
50,11,"ハリスと幕府とのあいだで締結した条約の名称を記せ。","日米修好通商条約"
50,12,"日米修好通商条約を締結したのは西暦何年か。","1858年"
50,13,"日米修好通商条約の第4条に「別冊の通」と協定関税に関する取決めがある。これによると、日本側にいかなる不利が生じるのか。簡潔に記せ。","関税自主権の欠如"
50,14,"日米修好通商条約の第6条によると、日本側にいかなる不利益が生じるのか。簡潔に記せ。","領事裁判権(治外法権)の容認"
50,15,"幕府は日米修好通商条約と類似の条約を、オランダ・ロシア・イギリス・フランスとも結んだ。これを総称して何というか。","安政の五カ国条約"
50,16,"日米修好通商条約の調印に反対した当時の天皇は誰か。","孝明天皇"
50,17,"ペリー来航後、幕政に参画した前水戸藩主は誰か。","徳川斉昭"
50,18,"日本からの輸出品の中心となったものは何か。","生糸"
50,19,"幕府は1860年に生糸・水油などの貿易統制をした。これを何というか。","五品江戸廻送令"
50,20,"1862年、薩摩藩士が横浜近郊でイギリス人を殺傷した。のちの薩英戦争をまねく原因ともなったこの事件を何というか。","生麦事件"
51,1,"将軍徳川家定の継嗣として、越前藩主・薩摩藩主らが推した一橋家の人物は誰か。","徳川慶喜"
51,2,"井伊直弼が反対派の公家や大名をおさえ、その家臣ら多数を処罰した出来事を何というか。","安政の大獄"
51,3,"安政の大獄で捕らえられ死刑になった長州藩士は誰か。","吉田松陰"
51,4,"安政の大獄に憤激した水戸脱藩の志士たちが井伊直弼を暗殺した事件を何というか。","桜田門外の変"
51,5,"井伊直弼の死後、公武合体政策を推進した老中は誰か。","安藤信正"
51,6,"安藤信正が尊王攘夷の論客から批判され、水戸脱藩士らに傷つけられた事件を何というか。","坂下門外の変"
51,7,"1862年、松平慶永が任命された職名は何か。","政事総裁職"
51,8,"また、徳川慶喜が任命された職名は何か。","将軍後見職"
51,9,"また、京都の治安維持のため新設された職名を記せ。","京都守護職"
51,10,"天皇尊崇思想と外国人排斥思想を結びつけた、幕末の水戸学の思想を何というか。","尊王攘夷論"
51,11,"会津・薩摩両藩の兵が長州藩勢力と急進派公家を京都から追放した事件を何というか。","八月十八日の政変"
51,12,"八月十八日の政変で追放された急進派の公家で、のち明治新政府で太政大臣をつとめたのは誰か。","三条実美"
51,13,"1864年、長州藩が京都に攻めのぼり、会津・桑名・薩摩藩兵と交戦したが敗れて退いた事件を何というか。","禁門の変(蛤御門の変)"
51,14,"1866年、幕府が別段強く調印し貿易の不平等がさらに拡大することになった取決めを何というか。","改税約書"
51,15,"幕府に天皇と雄藩を支持する立場をとったイギリス公使は誰か。","パークス"
51,16,"1863年、門閥・身分によらず志願によって組織された長州藩内の軍隊を何というか。","奇兵隊"
51,17,"奇兵隊を率いて藩の主導権を握り、藩論を恭順から倒幕へと転換させたのは誰か。","高杉晋作"
51,18,"高杉晋作とともに、長州藩で倒幕運動の中心になったのは誰か（のち木戸孝允と改名）。","桂小五郎"
51,19,"幕末に薩摩藩と長州藩とのあいだで結ばれた軍事同盟の密約を何というか。","薩長連合(薩長同盟)"
51,20,"坂本龍馬とともに薩摩藩と長州藩との仲介に奔走した土佐の人物は誰か。","中岡慎太郎"
52,1,"1867年、討幕派の機先を制するため将軍徳川慶喜は政権を返還するとの上表を朝廷に提出した。この上表を答えよ。","大政奉還の上表"
52,2,"大政奉還の上表の提出を朝廷に勧言した公武合体派の土佐藩の前藩主は誰か。","山内豊信"
52,3,"大政奉還の上表を山内豊信に進言した後、京都で暗殺された土佐藩士は誰か。","坂本龍馬"
52,4,"坂本龍馬とともに進言した土佐藩士は誰か。","後藤象二郎"
52,5,"大政奉還の上表の提出と同じ日、朝廷から薩長両藩に密かに下された武力倒幕の命令を何というか。","討幕の密勅"
52,6,"討幕の密勅を朝廷で画策した公家は誰か。","岩倉具視"
52,7,"1867年、倒幕派は薩摩藩などの武力を背景に朝廷でクーデタを決行し摂関・幕府の廃絶等を指令した命令を発した。これを何というか。","王政復古の大号令"
52,8,"12月9日夜、慶喜に辞官納地を命じる処分が決定された。その会議を答えよ。","小御所会議"
52,9,"1868年、戊辰戦争の発端となり旧幕府側が京都に進撃し敗退した戦いを何というか。","鳥羽・伏見の戦い"
52,10,"同年、東征軍参謀西郷隆盛と交渉し江戸城の無血開城をおこなった旧幕臣は誰か。","勝海舟(義邦)"
52,11,"1868年、奥羽越列藩同盟と交戦し江戸城の無血開城をおこなった旧幕臣は誰か。","奥羽越列藩同盟"
52,12,"東征軍の進撃に備えて東北諸藩が結成した反政府同盟を何というか。","戊辰戦争"
52,13,"鳥羽・伏見の戦いから翌年の箱館五稜郭の戦いまでの旧幕府側と新政府側の戦いを何というか。","榎本武揚"
52,14,"五稜郭に立てこもって交戦した旧幕臣は誰か。","五箇条の誓文"
52,15,"1868年、新政府が公議世論の尊重と開国和親などの国策の基本を公布した。この基本方針を何というか。","政体書"
52,16,"同年新政府の政治組織が制定された。これを何というか。","五榜の掲示"
52,17,"五箇条の誓文を亡命した翌日、新政府は旧幕府の対民政政策をそのまま引き継ぐかたちで庶民の心得を掲げた。これを何というか。","蕃書調書"
52,18,"同年、新政府が設置した翻訳局や外交文書の翻訳にあたる機関を答えよ。","世直し一揆"
52,19,"社会不安の中1866年から続発した農民たちによる一揆を何というか。","ええじゃないか"
52,20,"1867年、東海・東山・北陸の農民一揆で蜂起した人々を鎮圧したのは誰か。","咸臨丸"
53,1,"藩・長・土・肥をはじめ諸藩が領地と領民を天皇に返還したことを何というか。","版籍奉還"
53,2,"新政府が版籍奉還を全国藩主に命じたのは西暦何年か。","1869年"
53,3,"五箇条の誓文の草案を作成し版籍奉還を画策したのは誰か。","木戸孝允"
53,4,"旧大名に対して新政府が石高に応じて与えることにしたのを何というか。","家禄"
53,5,"旧大名にとって家禄はこれまでの年貢収入に比べてどれくらいの割合になったか。","10分の1(1割)"
53,6,"旧藩主はそのまま藩知事に当たった。その際新政府から任命された職名を何というか。","知藩事"
53,7,"新政府は全国の藩を廃止して府県に統一する改革を断行した。これを何というか。","廃藩置県"
53,8,"廃藩置県は西暦何年に断行されたか。","1871年"
53,9,"廃藩置県を断行する際新政府は藩・長・土3藩から兵をつのって軍事力を固めた。この兵を何というか。","御親兵"
53,10,"御親兵を断行する際新政府は中央政府内3府に派遣された地方行政官を何というか。","府知事"
53,11,"同じく県に派遣された地方行政官を何というか。","県令"
53,12,"国民皆兵を原則とし満20歳に達した男性から選抜して3年間の兵役に服させる兵制が立てられた。これを何というか。","徴兵令"
53,13,"徴兵令は西暦何年に公布されたか。","1873年"
53,14,"徴兵令公布の前年、徴兵の文字がみられる太政官布告が出された。これを何というか。","徴兵告諭"
53,15,"徴兵令公布を実現させた元長州藩の奇兵隊指揮官は誰か。","山県有朋"
53,16,"徴兵令公布に向けて弾圧した違法で徴兵反対を唱えた長州藩出身者は誰か。","大村益次郎"
53,17,"当時1人当たり2円を支払うことで兵役免除が認められた。その免除料はいくらか。","270円"
53,18,"1871年新政府が大規模な徴兵団を米欧諸国に派遣した。誰か。","岩倉具視"
53,19,"1874年、首都東京の警察組織が創設された。これを何というか。","西郷隆盛"
53,20,"同年設立された東京警視庁の初代大警視は誰か。","警視庁"
54,1,"版籍奉還後封建的身分制度の撤廃が進められ藩主・公家・士族・百姓・町人をそれぞれ新しく何と呼んだか順に答えよ。","華族・士族・平民"
54,2,"封建的身分制度の撤廃が進む中解放令が布告されたのは西暦何年か。","1871年"
54,3,"藩主・公家・藩士・旧幕臣などの家禄・賞典禄が全廃されたことを何というか。","秩禄処分"
54,4,"秩禄処分の代償として政府が支給した証書を何というか。","金禄公債証書"
54,5,"旧武士たちの多くは慣れない商売に手を出し失敗した。これを揶揄して何というか。","士族の商法"
54,6,"収入の道を閉ざされた旧武士たちを救済するためにとられた農業・工業・商業への産業奨励策を何というか。","士族授産"
54,7,"旧武士たちに帯刀することを禁じた法令を何というか。","廃刀令"
54,8,"税制の近代化と財政の安定のために政府が実施した新しい土地制度・税制の改革を何というか。","地租改正"
54,9,"地租改正に関する条例が公布されたのは西暦何年のことか。","1873年"
54,10,"地租改正の際、課税の基準を不安定な収穫高から何に変更したか。","地価"
54,11,"土地所有者・場所・面積・地価などを記載した土地所有権の確認書を何というか。","地券"
54,12,"1870年代に設置され鉱工業・交通部門を管掌し産業の近代化に貢献した官庁は何か。","工部省"
54,13,"殖産興業政策のためにつくられた群馬県の製糸工場を答えよ。","官営模範工場"
54,14,"1872年に、フランスの技術を導入して開業した群馬県の製糸工場の名を記せ。","富岡製糸場"
54,15,"明治時代に政府から特権を与えられ、独占的に利益をあげた事業家を何というか。","政商"
54,16,"郵便汽船三菱会社を経営し、海運業で独占的地位を築いた15の代表的人物は誰か。","岩崎弥太郎"
54,17,"北海道の開拓と経営のために設けられた行政機関を何というか。","開拓使"
54,18,"郵便制度を建議しその創設に尽力したのは誰か。","前島密"
54,19,"士族授産と北海道の開拓・ロシア対策を目的とする制度が設けられた。それは何か。","屯田兵制度"
54,20,"円を基準に十進法を採用した新しい貨幣制度が確立した。その条例を答えよ。","新貨条例"
55,1,"明治初期の旧習打破西洋文物採用の風潮を何というか。","文明開化"
55,2,"文明開化の象徴とされる明治初期のヘアスタイルを何というか。","ざんぎり頭"
55,3,"自由民権運動の理論的支柱となったルソーの人間は本来自由平等でありそれらは天から賦与された権利であるという思想は明治の日本では何と呼んだか。","天賦人権の思想"
55,4,"ルソーの社会契約論の一部を翻訳して民約訳解を刊行するなど自由民権運動の理論的指導者として活躍したのは誰か。","中江兆民"
55,5,"天は人の上に人を造らず人の下に人を造らずで始まり個人の独立心と国家の隆盛も学問によって取り立つことを説いた本の名を答えよ。","学問のすゝめ"
55,6,"学問のすゝめの著者で慶応義塾の創始者イギリス流功利主義の立場をとった思想家は誰か。","福沢諭吉"
55,7,"福沢諭吉の著書のうち欧米諸国の事情を紹介したものは何か。","西洋事情"
55,8,"スマイルズの自助論を翻訳して西国立志編を出版した思想家は誰か。","中村正直"
55,9,"中村正直がミルの自由論を翻訳して出版した本の名は何か。","自由之理"
55,10,"1873年に設立され近代思想の普及につとめた思想団体名を記せ。","明六社"
55,11,"明六社び団体設立の発起人でのち初代文部大臣になったのは誰か。","森有礼"
55,12,"フランスの学区制を取り入れ近代的な学校制度に関する規定が公布された。これを何というか。","学制"
55,13,"学制は西暦何年に公布されたか。","1872年"
55,14,"1868年神仏分離令が発表され神道を国教とする方針が発表された。この法令を答えよ。","神仏分離令"
55,15,"神仏分離令を機に、全国で吹き荒れた仏教排撃の行動を何というか。","廃仏毀釈"
55,16,"1872年政府が神道国教化推進を表明して設置された官庁を答えよ。","大教宣布の詔"
55,17,"外国の布教を受け政府がキリスト教禁止の高札を撤廃したのは西暦何年のことか。","1873年"
55,18,"同志社を創立した宗教家・教育者は誰か。","新島襄"
55,19,"鉛製活字の量産技術の導入に成功し、活版印刷術の本格的発達をもたらしたのは誰か。","本木昌造"
55,20,"旧暦から太陽暦に改められたのは西暦何年か。","1872年"
56,1,"1871年、日清間に締結された条約の名称を記せ。","日清修好条規"
56,2,"琉球漂流民殺害事件に端を発し、1874年に明治政府がはじめて海外に派兵した出来事を何というか。","台湾出兵"
56,3,"朝鮮の鎖国政策を武力で打破し、国交を開こうとする主張を何というか。","征韓論"
56,4,"征韓論が否決され、それを主張していた参議がいっせいに辞職した出来事を何というか。","明治六年の政変"
56,5,"日本の軍艦が首都漢城近くで朝鮮側を挑発して戦闘に発展した事件を何というか。","江華島事件"
56,6,"江華島事件は西暦何年におこったか。","1875年"
56,7,"1876年、日本と朝鮮とのあいだで締結された条約を記せ。","日朝修好条規(江華条約)"
56,8,"沖縄県の設置は西暦何年のことか。","1879年"
56,9,"駐露公使の榎本武揚が交渉し、日露間で結ばれた領土に関する条約名を記せ。","樺太・千島交換条約"
56,10,"樺太・千島交換条約は西暦何年に締結されたか。","1875年"
56,11,"1876年に日本政府が統治を再開した太平洋上の島々の名を記せ。","小笠原諸島"
56,12,"自由民権運動の口火を切って、左院に提出された国会開設要求書を何というか。","民撰議院設立の建白書"
56,13,"民撰議院設立の建白書が提出されたのは西暦何年のことか。","1874年"
56,14,"征韓論争に敗れて下野したが、後藤象二郎らと愛国公党を設立するとともに、民撰議院設立の建白書を提出して自由民権運動を牽引した人物は誰か。","板垣退助"
56,15,"民撰議院設立の建白書の提出に参加したが、佐賀の乱をおこして刑死した人物の名を記せ。","江藤新平"
56,16,"佐賀の乱は西暦何年に勃発したか。","1874年"
56,17,"廃刀令発布に憤激した熊本の不平士族が起こした乱を何というか。","敬神党(神風連)の乱"
56,18,"敬神党(神風連)の乱は西暦何年に勃発したか。","1876年"
56,19,"西南戦争を引きおこした首領の名を記せ。","西郷隆盛"
56,20,"西南戦争は西暦何年に勃発したか。","1877年"
57,1,"板垣退助が土佐に帰って同志を集め、設立した自由民権運動の政治結社名を記せ。","立志社"
57,2,"立志社の中心人物で、板垣を助けて自由民権運動に奔走したのは誰か。","片岡健吉"
57,3,"1875年に、民権派の全国組織化を目指して、大阪で設立された政治結社名を記せ。","愛国社"
57,4,"1875年発表の、時間をかけて立憲制に移行すべきことを盛り込んだ詔勅を何というか。","漸次立憲政体樹立の詔"
57,5,"1875年に政府が公布した、民権運動家に対する言論弾圧法規を2つ記せ。","讒謗律"
57,6,"立志社が片岡健吉を総代として天皇に提出しようとした、国会開設を求める意見書を何というか。","立志社建白"
57,7,"1880年に愛国社を改称し、国会開設を求めて活動しはじめた団体を記せ。","国会期成同盟"
57,8,"1880年に公布された、政府が各地の政治結社の活動を制限した法律は何か。","集会条例"
57,9,"フランス流の急進論をとなえ、1881年に結成された政党を記せ。","自由党"
57,10,"自由党の党首の名を記せ。","板垣退助"
57,11,"1881年、北海道で政府物件が不当に安く払い下げられようとしていると報じられ、問題となった。この出来事を何というか。","開拓使官有物払下げ事件"
57,12,"1881年に政府内で伊藤博文らが対立する参議などを罷免し、薩長藩閥政権を確立した出来事を何というか。","明治十四年の政変"
57,13,"伊藤博文らの政権が、国会開設を公約して出した詔勅を何というか。","国会開設の勅諭"
57,14,"イギリス流の議院内閣制を主張して、1882年に結成された政党を記せ。","立憲改進党"
57,15,"明治十四年の政変で罷免されたが、立憲改進党を立ち上げて党首となった人物は誰か。","大隈重信"
57,16,"1882年の福島事件で、首謀者として検挙された福島自由党員の名を記せ。","河野広中"
57,17,"1880年代の騒擾の中で規模がもっとも大きく、鎮圧に軍隊まで出動した事件を何というか。","秩父事件"
57,18,"1887年、片岡健吉らが地租の軽減、言論・集会の自由、外交失策の回復を政府諸機関に要求して行った運動を何というか。","三大事件建白運動"
57,19,"三大事件建白運動と呼応し、党派の別なく団結して国会開設に備えようという動き（運動）を何というか。","大同団結の動き(運動)"
57,20,"三大事件建白運動・大同団結運動に対し、政府が民権派を東京から追放しようとした法令を何というか。","保安条例"
58,1,"太政官制を廃し、内閣制度が発足したのは西暦何年のことか。","1885年"
58,2,"日本初代の内閣総理大臣は誰か。","伊藤博文"
58,3,"山県有朋を中心に進められた地方制度改革に助言を与えたドイツ人顧問は誰か。","モッセ"
58,4,"政府の憲法草案作成に助言を与えたドイツ人顧問は誰か。","ロエスレル"
58,5,"1888年に設置され、憲法草案の審議にあたった天皇の諮問機関を何というか。","枢密院"
58,6,"大日本帝国憲法が発布されたのは西暦何年か。","1889年"
58,7,"民定憲法に対し、天皇が定めて国民に与える憲法のことを何というか。","欽定憲法"
58,8,"議会が関与できない、天皇がもつ大きな権限のことを何というか。","天皇大権"
58,9,"陸海軍を指揮・統率する権限は内閣から独立して天皇に直属していた。このことを何というか。","統帥権の独立"
58,10,"帝国議会で公選議員からなる議院名を記せ。","衆議院"
58,11,"帝国議会で皇族・華族・勅選議員・多額納税者議員からなる議院名を記せ。","貴族院"
58,12,"1884年に定められた、貴族院の土台を作ることになった法令は何か。","華族令"
58,13,"1889年に制定された、皇位の継承や摂政の制度などを定めた皇室制度の基本法は何か。","皇室典範"
58,14,"政府に招かれて来日し、民法などの編纂に当たったフランス人法学者は誰か。","ボアソナード"
58,15,"この民法が、日本の家族制度の美風を壊すとして生じた論争は何か。","民法典論争"
58,16,"民法出デテ忠孝亡ブという論文を書き、この民法を厳しく批判したのは誰か。","穂積八束"
58,17,"日本初の衆議院議員選挙は西暦何年におこなわれたか。","1890年"
58,18,"政党側は旧民権派結集の動きに対抗して政府の政策は政党の意向に左右されてはならないと主張した。この立場を何というか。","超然主義"
58,19,"その声明を出した首相の名を記せ。","黒田清隆"
58,20,"政党側と政府が対立し、第一議会の時の首相は誰か。","山県有朋"
59,1,"1871年、条約改正の予備交渉と視察の目的で、米欧に渡った遣外大使は誰か。","岩倉具視"
59,2,"岩倉具視のあとを受け、関税自主権の回復交渉に当たった外務卿は誰か。","寺島宗則"
59,3,"岩倉具視・寺島宗則のあとを受けて条約改正に尽力したが、外国人判事採用に対する批判や、極端な欧化主義に対する反感が強まり、辞任した外務卿（のち外務大臣）は誰か。","井上馨"
59,4,"外国要人接待に使用された社交場の名にちなんで、当時の外交を何と呼んだか。","鹿鳴館外交"
59,5,"井上馨のあとの外相も、外国人判事問題をめぐる強い反対論や、玄洋社の一青年による襲撃事件で、やむなく交渉を中断した。その外相は誰か。","大隈重信"
59,6,"1891年におきたロシア皇太子襲撃事件を何というか。","大津事件"
59,7,"大隈重信のあとを受け改正交渉に取り組むも、6のため日露辞任した外相は誰か。","青木周蔵"
59,8,"イギリスとのあいだで、領事裁判権の撤廃を内容とする条約が結ばれた。条約名を記せ。","日英通商航海条約"
59,9,"その条約調印に成功したのは西暦何年のことか。","1894年"
59,10,"他の欧米諸国とも交渉し、領事裁判権の撤廃に成功した外相は誰か。","陸奥宗光"
59,11,"関税自主権の回復に成功した外相は誰か。","小村寿太郎"
59,12,"その実現は西暦何年のことか。","1911年"
59,13,"朝鮮で親日的な閔氏一族に反対する軍隊が反乱をおこし、これに呼応した民衆が日本大使館を包囲した。この事件を何というか。","壬午軍乱(壬午事変)"
59,14,"清国に依存しはじめた閔氏一族に対し、独立党がおこしたクーデタを何というか。","甲申事変"
59,15,"壬午軍乱(壬午事変)で悪化した日清関係を打開するため天津条約が結ばれた。西暦何年のことか。","1885年"
59,16,"1894年に朝鮮でおきた、減税と排日を要求する農民の反乱を何というか。","甲午農民戦争(東学の乱)"
59,17,"日清戦争は西暦何年におきたか。","1894年"
59,18,"日清戦争後の講和条約を何というか。","下関条約"
59,19,"下関条約を結んだ日本側全権を2人記せ。","伊藤博文・陸奥宗光"
59,20,"下関条約を結んだ清国側の全権は誰か。","李鴻章"
60,1,"日清戦争開戦を機に、平民的欧化主義から対外膨張論に転じた人は誰か。","徳富蘇峰"
60,2,"徳富蘇峰が近代民族主義の必要性を説き示した、民友社の機関誌の名を記せ。","国民之友"
60,3,"雑誌『太陽』で日本主義をとなえ、日本の大陸進出を肯定した人は誰か。","高山樗牛"
60,4,"日清戦争の勝利と三国干渉は、政府と政党の関係を大きく変化させた。第2次伊藤博文内閣を公然と支持し、軍備拡張予算を承認した政党名を記せ。","自由党"
60,5,"第2次松方正義内閣と提携した政党名を記せ。","進歩党"
60,6,"第3次伊藤博文内閣の超然主義に対し、自由党・進歩党が合併して内閣を退陣に追い込んだ。合併して誕生した政党名を記せ。","憲政党"
60,7,"憲政党の政党を基盤にしてわが国初の政党内閣が誕生した。その内閣の名称を記せ。","隈板内閣"
60,8,"隈板内閣の内閣の総理大臣は誰か。","大隈重信"
60,9,"隈板内閣の内閣の内務大臣は誰か。","板垣退助"
60,10,"憲政党の政党結成と隈板内閣の政党内閣誕生は同じ年の出来事である。西暦何年のことか。","1898年"
60,11,"隈板内閣の次の内閣が、政党の力が官僚におよぶのを防ぐために改正した法令名を記せ。","文官任用令"
60,12,"また、政党の力が軍部におよばぬように、陸・海軍大臣の任用は現役の大将・中将に限ることを法制化した。この制度を名を記せ。","軍部大臣現役武官制"
60,13,"また、政治・労働運動の規制を強化する目的で新たに公布した治安立法名を記せ。","治安警察法"
60,14,"軍部大臣現役武官制が定められ治安警察法が公布されたのは西暦何年か。","1900年"
60,15,"文官任用令を改正し、軍部大臣現役武官制を定め、治安警察法を公布した内閣の総理大臣名を記せ。","山県有朋"
60,16,"憲政党は解党し、伊藤派の官僚とともに新党（総裁伊藤博文）を結成した。政党名を記せ。","立憲政友会"
60,17,"立憲政友会の結成は西暦何年か。","1900年"
60,18,"1900年代初期の10数年間、軍部・官僚・貴族勢力と政党勢力が政界を二分し、交互に組閣した。官僚などの勢力を背景に3度総理大臣をつとめた人は誰か。","桂太郎"
60,19,"同じく、立憲政友会を背景に2度総理大臣をつとめた人は誰か。","西園寺公望"
60,20,"第二線を退いても非公式に天皇を補佐し、首相の選任権を握り、重要政務の決定に影響力をもった山県有朋や伊藤博文らの重臣のことを何と呼ぶか。","元老"
61,1,"列強の中国進出に関して、門戸開放・機会均等等を列国に提案したアメリカ国務長官は誰か。","ジョン=ヘイ"
61,2,"1900年、「扶清滅洋」とさえる団体が中国各地で外国人排斥運動を展開した。清朝政府もこれに同調して列国に宣戦布告をした。この戦いを何というか。","北清事変(義和団戦争)"
61,3,"北清事変(義和団戦争)のあと、清国と列国のあいだでとりかわされた講和条約を何というか。","北京議定書"
61,4,"ロシアの南下政策に対し、「満韓交換」交渉を望む伊藤博文の主張を何というか。","日露協商論"
61,5,"桂太郎内閣がイギリスと同盟して韓国での権益を守る方針をとり、同国と締結した協約名を記せ。","日英同盟約(日英同盟)"
61,6,"日英同盟約(日英同盟)を締結したのは西暦何年か。","1902年"
61,7,"日露戦争は西暦何年に勃発したか。","1904年"
61,8,"日本が対戦の末に旅順要塞を陥落させたあとの日露戦争最大の陸戦を何というか。","奉天会戦"
61,9,"日本連合艦隊がバルチック艦隊を全滅させた、日露戦争最大の海戦を何というか。","日本海海戦"
61,10,"1905年に日本とロシアで調印した講和条約を何というか。","ポーツマス条約"
61,11,"ポーツマス条約に調印した日本側全権大使(①)と、ロシア側の全権大使(②)の名を記せ。","①小村寿太郎②ウィッテ"
61,12,"日露の講和を斡旋したアメリカ大統領は誰か。","セオドア=ローズヴェルト"
61,13,"講和条約の内容について、次の各文の空欄に適語を記せ。ロシアは、(13)に対する日本の指導・監督権を全面的に認める。","韓国"
61,14,"講和条約の内容について、次の各文の空欄に適語を記せ。ロシアは、清から(14)(2カ所)の租借権と(15)以南の鉄道とその付属の利権を日本に譲渡する。","旅順・大連"
61,15,"講和条約の内容について、次の各文の空欄に適語を記せ。ロシアは、北緯50度以南の(16)と付属の諸島を日本に譲渡する。","長春"
61,16,"講和条約の内容について、次の各文の空欄に適語を記せ。ロシアは、沿海州とカムチャッカの漁業権を日本に認める。","樺太(サハリン)"
61,17,"講和条約の内容に不満を爆発させた、民衆の暴動事件を何というか。","日比谷焼打ち事件"
61,18,"人道主義の立場から非戦論・反戦論をとなえたキリスト教徒は誰か。","内村鑑三"
61,19,"平民社をおこし『平民新聞』を創刊して、非戦論・反戦論をとなえた人を2人記せ。","幸徳秋水・堺利彦"
61,20,"「君死にたまふこと勿れ」とうたう反戦詩を『明星』に発表した歌人は誰か。","与謝野晶子"
62,1,"1905年に日本は韓国の外交権を奪った。この取決めを何というか。","第2次日韓協約"
62,2,"第2次日韓協約の時、韓国の外交を統轄するために漢城においた日本の機関は何か。","統監府"
62,3,"第2次日韓協約の時、初代韓国統監になったのは誰か。","伊藤博文"
62,4,"第2次日韓協約に対し、韓国皇帝はオランダの第2回万国平和会議に密使を送って抗議した。このことを何というか。","ハーグ密使事件"
62,5,"日本が韓国を併合して植民地化したのは西暦何年か。","1910年"
62,6,"それ（1910年）以後、京城（漢城を改称）にあって統治に当たった機関は何か。","朝鮮総督府"
62,7,"朝鮮総督府の初代総督に任命されたのは誰か。","寺内正毅"
62,8,"遼東半島南端にある日本の租借地を統治するために、1906年に設置された機関は何か。","関東都督府"
62,9,"旧東清鉄道沿線の鉄鉱の経営をするために、1906年につくられた会社を何というか。","南満洲鉄道株式会社(満鉄)"
62,10,"清朝を倒した中国の革命を何というか。","辛亥革命"
62,11,"革命勃発の年は西暦何年か。","1911年"
62,12,"三民主義をとなえ、この革命を指導したのは誰か。","孫文"
62,13,"革命の結果、南京で成立した新しい共和制国家の名を記せ。","中華民国"
62,14,"新しい共和制誕生は西暦何年か。","1912年"
62,15,"日本で最初に結成された社会主義政党の名称を記せ。","社会民主党"
62,16,"社会民主党が結成されたのは西暦何年か。","1901年"
62,17,"また、1906年に結成され、政府からその存続を認められた社会主義政党の名を記せ。","日本社会党"
62,18,"天皇暗殺計画の容疑で、幸徳秋水ら26人の無政府・社会主義者が逮捕・起訴された事件を何というか。","大逆事件"
62,19,"大逆事件の事件は西暦何年の出来事か。","1910年"
62,20,"1901年から10年以上にわたって、桂太郎と西園寺公望とが交互に内閣を担当した。この時代を何というか。","桂園時代"
63,1,"大正政変は西暦何年の出来事か。","1913年"
63,2,"大正政変で退陣した首相は誰か。","桂太郎"
63,3,"大正の初めに、「閥族打破・憲政擁護」を叫んで展開された倒閣運動を何と呼ぶか。","第1次護憲運動"
63,4,"第1次護憲運動の先頭に立って活躍した立憲政友会員は誰か。","尾崎行雄"
63,5,"尾崎行雄とともに運動の中心となって活躍した立憲国民党員は誰か。","大養毅"
63,6,"ドイツ・オーストリア・イタリアのあいだで締結された、相互防衛条約の名称を記せ。","三国同盟"
63,7,"三国同盟と同じく、イギリス・フランス・ロシアのあいだで締結された、対ドイツ包囲体制の名称を記せ。","三国協商"
63,8,"第一次世界大戦は西暦何年(a)に始まり、西暦何年(b)に終わったか。","1914年"
63,9,"大戦中に中国で利権を拡大するため、日本が袁世凱政府につきつけた要求は何か。","二十一カ条の要求"
63,10,"二十一カ条の要求は西暦何年のことか。","1915年"
63,11,"1917年に日米間で締結された中国に関する協定は何か。","石井・ランシング協定"
63,12,"ロシア革命は西暦何年の出来事か。","1917年"
63,13,"日・米・英・仏が、ロシア革命に対しておこなった軍事的干渉を何というか。","シベリア出兵"
63,14,"シベリア出兵は日本の場合西暦何年(a)から始まり、西暦何年(b)に終わったか。","1918年"
63,15,"「国家の主権の活動の基本的の目標は政治上人民にあるべし」と説き、大正デモクラシーの指導理論を展開した政治学者は誰か。","吉野作造"
63,16,"吉野作造は、デモクラシーを何と訳したか。","民本主義"
63,17,"大正時代に全国的に広まった、米価廉売要求の暴動を何というか。","米騒動"
63,18,"米騒動の鎮圧に軍隊を出動させて批判をあび、総辞職した内閣の総理大臣は誰か。","寺内正毅"
63,19,"寺内正毅の内閣が日本の権益確保のため、段祺瑞政権に与えた巨額の借款を何というか。","西原借款"
63,20,"立憲政友会総裁として、わが国ではじめて本格的政党内閣を組織したのは誰か。","原敬"
64,1,"第一次世界大戦後の講和条約を何というか。","ヴェルサイユ条約"
64,2,"ヴェルサイユ条約は西暦何年に調印されたか。","1919年"
64,3,"1919年に中国でおきた反日国民運動を何というか。","五・四運動"
64,4,"1919年に朝鮮全土で展開された、日本からの独立を求める大衆運動を何というか。","三・一独立運動"
64,5,"1921年開催の、海軍軍備制限と太平洋・極東問題を審議する国際会議を何というか。","ワシントン会議"
64,6,"ワシントン会議で締結された、太平洋諸島の現状維持と紛争解決に関する条約は何か。","四カ国条約"
64,7,"中国の領土と主権尊重・門戸開放・機会均等を約束した条約は何か。","九カ国条約"
64,8,"九カ国条約と同じ年、米・英・日・仏・伊の五大国で主力艦の保有比率を定めた条約は何か。","ワシントン海軍軍備制限条約"
64,9,"九カ国条約とワシントン海軍軍備制限条約の条約が締結されたのは西暦何年か。","1922年"
64,10,"新しい国際秩序のもとで、国際協調外交を推進した政治家は誰か(a)。また、その外交は彼の名にちなんで何と呼ばれたか(b)。","幣原喜重郎"
64,11,"雑誌『青鞜』を発刊し、女性解放を目指す運動を始めたのは誰か。","平塚らいてう(明)"
64,12,"平塚らいてうらによって1911年に設立された、女性のみの文学者団体を何というか。","青鞜社"
64,13,"平塚らいてうらが1920年に設立し、女性の地位を高める運動を展開した団体を何というか。","新婦人協会"
64,14,"被差別部落の住民に対する社会的差別を、自主的に撤廃しようとする運動が本格化し、1922年に結成された団体の名を記せ。","全国水平社"
64,15,"護憲三派を中心に、普選断行・行政整理などをとなえておこした、憲政擁護運動を何というか。","第2次護憲運動"
64,16,"第2次護憲運動の運動は西暦何年におきたか。","1924年"
64,17,"第2次護憲運動の運動が力を奏して新しく誕生した、3党連立内閣の総理大臣の名を記せ。","加藤高明"
64,18,"加藤高明の内閣が成立させた、衆議院議員選挙法の通称を記せ。","普通選挙法"
64,19,"加藤高明の内閣が成立させた、社会主義運動を取り締まるための法律の名称を記せ。","治安維持法"
64,20,"普通選挙法と治安維持法が成立したのは西暦何年か。","1925年"
65,1,"1871年に、金本位制をたてまえとして公布された、貨幣制度に関する条例名を記せ。","新貨条例"
65,2,"1872年に不換紙幣の整理などを目的として公布された条例名を記せ。","国立銀行条例"
65,3,"1881年に大蔵卿に就任し、財政緊縮・紙幣整理などデフレ政策をとったのは誰か。","松方正義"
65,4,"1882年に、松方正義の建議によって設立された中央銀行の名を記せ。","日本銀行"
65,5,"1885年、政府は日本銀行に兌換紙幣を発行させ、翌年からは政府紙幣の正貨兌換も始めた。 この時点で確立した貨幣の制度を何というか。","銀本位制"
65,6,"清国からの賠償金を準備金として、金本位制が確立したのは西暦何年か。","1897年"
65,7,"手織機に取り入れられた、ジョン＝ケイ発明の新しい装置を何というか。","飛び杼"
65,8,"臥雲辰致が発明して普及した紡績機械を何というか。","ガラ紡"
65,9,"1883年に、輸入紡績機械や蒸気機関を用いた、大規模経営の近代的紡績会社が大阪に開業した。その会社名を記せ。","大阪紡績会社"
65,10,"大阪紡績会社を設立したのは誰か。","渋沢栄一"
65,11,"1897年に木製力織機を発明し、1926年には自動織機を完成させた発明家は誰か。","豊田佐吉"
65,12,"幕末から手動装置による巻き取り製糸法が普及した。これを何というか。","座繰製糸"
65,13,"座繰製糸に対し、複数の作業者がおこなう生糸の巻き取りを1本の軸で連結し、水車などで回転させる効率的な製糸法を何というか。","器械製糸"
65,14,"生糸の輸出量が輸入量を上まったのは西暦何年か。","1897年"
65,15,"生糸の輸出量で、日本が世界最大の生糸輸出国となったのは何年か。","1909年"
65,16,"1881年に華族を主体として設立された、日本最初の私鉄会社の名を記せ。","日本鉄道会社"
65,17,"日本全国各地に鉄道がしかれたが、青森から下関までつながったのは何の後か。","日清戦争"
65,18,"第1次西園寺公望内閣は、日露戦争直後に全国鉄道網の統一的管理を目指して新しい法令を公布された。その法令名を記せ。","鉄道国有法"
65,19,"鉄道国有法が公布されたのは西暦何年か。","1906年"
65,20,"1885年に、郵便汽船三菱会社と共同運輸会社が合併してできた海運会社の名を記せ。","日本郵船会社"
66,1,"政商などから出発し、企業集中を強めていった同族的大独占資本のことを何というか。","財閥"
66,2,"清国の鉄鉱石と筑豊の石炭を使用して操業した、九州の官営製鉄所名を記せ","八幡製鉄所"
66,3,"日清戦争後の造船奨励政策のもとで成長した、九州の大規模造船所名を記せ。","三菱長崎造船所"
66,4,"耕作から離れて小作料の収入に依存する大地主を何というか。","寄生地主"
66,5,"労働組合結成促進の母体として、1897年に組織された団体の名を記せ。","労働組合期成会"
66,6,"渡米して労働運動を学び、片山潜らと労働組合期成会を組織したのは誰か。","高野房太郎"
66,7,"横山源之助が、産業革命期の労働者の過酷な状態を調査して刊行した著書名を記せ。","日本之下層社会"
66,8,"農商務省が全国工場労働者の実態を調査して、1903年に刊行した報告書名を記せ。","職工事情"
66,9,"栃木県にあった鉱山精錬所の鉱毒が、周辺の農漁業に深刻な被害をもたらした公害事件とは何か。","足尾鉱毒事件"
66,10,"足尾鉱毒事件の問題解決に奔走し、天皇への直訴を試みた衆議院議員は誰か。","田中正造"
66,11,"第2次山県有朋内閣が労働運動を取り締まるために制定した法令の名を記せ。","治安警察法"
66,12,"治安警察法の法令は西暦何年に制定されたか。","1900年"
66,13,"日本で最初に制定された工場労働者保護法の名を記せ。","工場法"
66,14,"工場法の法令は西暦何年に制定されたか。","1911年"
66,15,"労働者階級の地位向上と労働組合育成を目的として、1912年に組織された労働団体の名を記せ。","友愛会"
66,16,"友愛会を組織し、会長となった人は誰か。","鈴木文治"
66,17,"友愛会が1921年に名称を改め、階級闘争主義に転換した。新しい名称を記せ。","日本労働総同盟"
66,18,"1920年に日本ではじめて労働者の祭典がおこなわれた。これを何というか。","(第1回)メーデー"
66,19,"1921年頃から頻発した、小作料の引下げを求める争議を何というか。","小作争議"
66,20,"1922年に杉山元治郎らによって結成された小作人組合の全国組織を記せ。","日本農民組合"
67,1,"明治政府の神道国教化政策に反対し、廃仏毀釈で打撃を受けた仏教を立ち直らせた浄土真宗の僧侶は誰か。","島地黙雷"
67,2,"幕末に生まれた民衆宗教など、明治政府から宗教として公認された神道を何というか。","教派神道"
67,3,"明治初期に来日し、札幌農学校で教えたアメリカ人は誰か。","クラーク"
67,4,"学制を廃し、アメリカの教育制度を参考にして公布した法令名を記せ。","教育令"
67,5,"教育令が公布されたのは西暦何年か。","1879年"
67,6,"小学校・中学校・師範学校・帝国大学などからなる学校体系を整備した法令名を記せ。","学校令"
67,7,"学校令を公布した文部大臣は誰か。","森有礼"
67,8,"学校令が公布されたのは西暦何年か。","1886年"
67,9,"義務教育が6年に延長されたのは西暦何年か。","1907年"
67,10,"忠君愛国が教育の基本であることが強調された勅語を何というか。","教育勅語(教育に関する勅語)"
67,11,"教育勅語は西暦何年に発布されたか。","1890年"
67,12,"教育勅語に対する拝礼を拒否して、教壇を追われた第一高等中学校の講師は誰か。","内村鑑三"
67,13,"明治から昭和初期にかけて、創設された東京・京都・東北・九州・北海道・京城・台北・大阪・名古屋の9つの官立高等教育機関のことを何というか。","帝国大学"
67,14,"1903年に、小学校の教科書は文部省の著作に限定された。この教科書を何というか。","国定教科書"
67,15,"大隈重信によって開かれた私学の名を記せ。","東京専門学校(早稲田大学)"
67,16,"大森貝塚の発見や、ダーウィンの進化論の紹介などに功績のあったアメリカの動物学者・考古学者は誰か。","モース"
67,17,"医学生の教育に尽力し、一方で日本の社会を批判した日記を残したドイツ人は誰か。","ベルツ"
67,18,"破傷風の血清療法を確立するなど、日本医学の発展に貢献した細菌学者は誰か。","北里柴三郎"
67,19,"タカジアスターゼを発明し、アドレナリンの抽出に成功した科学者は誰か。","高峰譲吉"
67,20,"原子構造の研究に尽力した物理学者は誰か。","長岡半太郎"
68,1,"明治初期に人気を博した、戯作文学の代表的著作『安愚楽鍋』の著者は誰か。","仮名垣魯文"
68,2,"自由民権運動期に誕生した政治小説『経国美談』の著者は誰か。","矢野龍溪"
68,3,"自由民権運動期に誕生した政治小説『佳人之奇遇』の著者は誰か。","東海散士"
68,4,"西洋の文芸理論をもとに写実主義を提唱した人は誰か。","坪内逍遙"
68,5,"坪内逍遙が1885年に発表した評論は何か。","小説神髄"
68,6,"言文一致体の『浮雲』を発表し、坪内逍遙の提唱を文学作品として結実させた人は誰か。","二葉亭四迷"
68,7,"『金色夜叉』の作者で、写実主義を掲げながらも文芸小説の大衆化を進めた人は誰か。","尾崎紅葉"
68,8,"尾崎紅葉や山田美妙を中心に結成された文学団体を記せ。","硯友社"
68,9,"硯友社が発刊した回覧雑誌を何というか。","我楽多文庫"
68,10,"坪内逍遙の内面尊重を受け継ぎ、東洋哲学を基盤とする理想主義的な作品を著した人は誰か。","幸田露伴"
68,11,"1893年に創刊され、ロマン主義文学の拠点となった文芸雑誌の名を記せ。","文学界"
68,12,"文学界を創刊し、ロマン主義運動を提唱したのは誰か。","北村透谷"
68,13,"文学界の創刊にも参加し、『若菜集』などの詩集を発表してロマン主義を主張したが、のち自然主義作家となった人は誰か。","島崎藤村"
68,14,"1900年に創刊され、ロマン主義運動の中心となった文芸雑誌の名を記せ。","明星"
68,15,"ロマン主義全盛期に活躍した歌人で、日露戦争批判の詩「君死にたまふこと勿れ」を発表した人は誰か。","与謝野晶子"
68,16,"ロマン派の女流作家で『たけくらべ』の作者は誰か。","樋口一葉"
68,17,"俳句の革新と万葉調和歌の復興を進め、『ホトトギス』を創刊した俳人は誰か。","正岡子規"
68,18,"『一握の砂』の作者で、社会主義思想を盛り込んだ生活詩を残した詩人は誰か。","石川啄木"
68,19,"『吾輩は猫である』を発表して一躍名をあげた、反自然主義の小説家は誰か。","夏目漱石"
68,20,"『阿部一族』などの歴史小説も発表した、反自然主義の小説家は誰か。","森鷗外"
69,1,"明治の初めに、文明開化の風俗を取り入れて新作を発表した歌舞伎作者は誰か。","河竹黙阿弥"
69,2,"明治中期の歌舞伎黄金時代を、その3人の名優の名にちなんで何というか。","団菊左時代"
69,3,"川上音二郎らの壮士芝居を起源とし、日清戦争前後から通俗小説の劇化を加えて発展した演劇を何というか。","新派劇"
69,4,"歌舞伎や新派劇に対して、西洋の近代劇を翻訳・上演する近代演劇を何というか。","新劇"
69,5,"坪内逍遙らにより結成され、新劇の発展に寄与した演劇団体は何か。","文芸協会"
69,6,"小山内薫らにより結成され、新劇の発展に寄与した演劇団体は何か。","自由劇場"
69,7,"専門的な音楽教育を目的として、1887年に設立された音楽教育機関を何というか。","東京音楽学校"
69,8,"「荒城の月」「鳩ぽっぽ」などの曲を残した、明治期の代表的作曲家は誰か。","滝廉太郎"
69,9,"在日中に日本美術に興味をもち、その振興に大きく貢献したアメリカ人は誰か。","フェノロサ"
69,10,"フェノロサの感化を受けて日本美術の復興につとめ、東京美術学校設立に尽力し、校長をつとめたのは誰か。","岡倉天心"
69,11,"岡倉天心を中心に日本画家・彫刻家らが結成した美術団体の名を記せ。","日本美術院"
69,12,"「悲母観音」などの作品を残した日本画家は誰か。","狩野芳崖"
69,13,"フランス印象派の画風を学び、「湖畔」などの作品を残した洋画家は誰か。","黒田清輝"
69,14,"日本初の西洋美術団体を何というか。","明治美術会"
69,15,"明治美術会を創立し、「収穫」などを残した明治の代表的洋画家は誰か。","浅井忠"
69,16,"黒田清輝らが創立し、画壇の主流を形成した洋画団体を何というか。","白馬会"
69,17,"1907年に文部省が開設した、日本画・洋画・彫刻の3部門からなる総合展覧会を何というか。","文部省美術展覧会(文展)"
69,18,"文部省美術展覧会は1919年に改組された。新たに設立された展覧会の名称を記せ。","帝国美術院美術展覧会(帝展)"
69,19,"「老猿」などの作品を残し、彫刻の近代化に努力した彫刻家は誰か。","高村光雲"
69,20,"アメリカ・フランスで学んで、西洋流の彫塑を特徴とした彫刻家は誰か。代表作は「女」","荻原守衛"
70,1,"第一次世界大戦時、造船・海運で巨利を得た大富豪のことを何というか。","船成金"
70,2,"『貧乏物語』を著したマルクス主義経済学者は誰か。","河上肇"
70,3,"『善の研究』を著し、独自の哲学体系を打ちたてたのは誰か。","西田幾多郎"
70,4,"民間伝承の調査・研究を通じて、無名の民衆の生活史を明らかにする民俗学を確立したのは誰か。","柳田国男"
70,5,"『刺青』『痴人の愛』を発表した耽美派作家は誰か。","谷崎潤一郎"
70,6,"『腕くらべ』を発表した耽美派作家は誰か。","永井荷風"
70,7,"『友情』『その妹』を発表した白樺派の理論的指導者は誰か。","武者小路実篤"
70,8,"『暗夜行路』『和解』を発表した白樺派の作家は誰か。","志賀直哉"
70,9,"『羅生門』『鼻』を発表した新思潮派の作家は誰か。","芥川龍之介"
70,10,"『恩讐の彼方に』『父帰る』を発表した新思潮派の作家は誰か。","菊池寛"
70,11,"労働運動に参加し、『蟹工船』を発表したプロレタリア文学の代表的作家は誰か。","小林多喜二"
70,12,"『太陽のない街』を発表したプロレタリア文学の代表的作家は誰か。","徳永直"
70,13,"1924年、わが国最初の新劇の常設劇場として建設され、多数の翻訳劇を上演し、新劇運動の中心となった劇場はどこか。","築地小劇場"
70,14,"1909年に自由劇場、1924年に土方与志らと築地小劇場を創立し、欧米の近代劇の紹介につとめた新劇演出家は誰か。","小山内薫"
70,15,"日本美術院を再興し、日本画の近代化を目指した画家は誰か。代表作は「生々流転」。","横山大観"
70,16,"浅井忠に学び、二科会に所属し、「金蓉」などの作品を発表した洋画家は誰か。","安井曾太郎"
70,17,"春陽会に参加し、一連の「麗子像」に独特の境地を開いた洋画家は誰か。","岸田劉生"
70,18,"黄熱病の研究など、広範囲にわたり業績を残した細菌学者は誰か。","野口英世"
70,19,"KS磁石鋼を発明した物理・冶金学者は誰か。","本多光太郎"
70,20,"『古事記』『日本書紀』に科学的分析を加え、日本古代史の解明に貢献した歴史学者は誰か。","津田左右吉"
71,1,"関東大震災は西暦何年におこったか。","1923年"
71,2,"震災手形の処理法案審議に端を発し、ついに取付け騒ぎがおこって銀行の休業が続出した。この経済的混乱を何というか。","金融恐慌"
71,3,"金融恐慌の際に、緊急勅令による台湾銀行救済に失敗して、総辞職した内閣の総理大臣は誰か。","若槻礼次郎"
71,4,"金融恐慌を収拾するために、立憲政友会の政府が出した法令名を記せ。","モラトリアム(支払猶予令)"
71,5,"「社会主義」政党と称することがはばかられ、それに変わって用いられるようになった言葉を何というか。","無産政党"
71,6,"無産政党のうち、1926年に結成された政党名を記せ。","労働農民党(労農党)"
71,7,"第1回普通選挙が実施されたのは西暦何年か。","1928年"
71,8,"日本共産党の活動に対し、1928年に政府がおこなった大弾圧を何というか。","三・一五事件"
71,9,"日本共産党の活動に対し、1929年に政府がおこなった大弾圧を何というか。","四・一六事件"
71,10,"日本人居留民保護を名目に、1927年から3次にわたっておこなわれた中国における日本の軍事行動を何というか。","山東出兵"
71,11,"満州軍閥の巨頭で、国民革命軍に圧迫され、敗走中に奉天郊外で爆殺されたのは誰か。","張作霖"
71,12,"張作霖の爆殺事件は西暦何年におきたか。","1928年"
71,13,"孫文の後継者として国民革命軍を率いて、北伐を進めたのは誰か。","蔣介石"
71,14,"モラトリアム(支払猶予令)を発し、三・一五事件・四・一六事件・山東出兵を断行した内閣の総理大臣は誰か。","田中義一"
71,15,"金輸出解禁(金解禁)が断行されたのは西暦何年か。","1930年"
71,16,"金解禁を断行し、さらに緊縮財政を推進した当時の大蔵大臣は誰か。","井上準之助"
71,17,"英・米・日のあいだで補助艦の保有率をほぼ10:10:7と決定した条約は何か。","ロンドン海軍軍備制限条約"
71,18,"ロンドン海軍軍備制限条約は西暦何年に調印されたか。","1930年"
71,19,"金解禁の断行と、ロンドン海軍軍備制限条約の調印を命じた内閣の総理大臣は誰か。","浜口雄幸"
71,20,"ロンドン海軍軍備制限条約の調印に対し、海軍軍令部などは政府が兵力を決定したことに反対して激しく政府を攻撃した。その決定を問題視した根拠は何か。","統帥権の干犯"
72,1,"満州事変の端緒となった、奉天郊外の鉄道爆破事件を何というか。","柳条湖事件"
72,2,"柳条湖事件は西暦何年の出来事か。","1931年"
72,3,"柳条湖事件のあと、不拡大方針を表明するも、事態を収拾できず総辞職した内閣の総理大臣は誰か。","若槻礼次郎"
72,4,"事件の翌年、日本は満州国と日本の権益や日本軍駐屯などに関する協定を結んだ。その協定を何というか。","日満議定書"
72,5,"国際連盟が満州事変調査のために、現地に派遣した調査団の団長名を記せ。","リットン"
72,6,"日本が国際連盟からの脱退を通告したのは西暦何年か。","1933年"
72,7,"海軍青年将校の一団が、犬養毅首相を暗殺した事件を何というか。","五・一五事件"
72,8,"五・一五事件は西暦何年の出来事か。","1932年"
72,9,"五・一五事件のあと、挙国一致内閣を組織し、日満議定書をとりかわした海軍出身の首相は誰か。","斎藤実"
72,10,"1932年、井上日召の率いる右翼団員によって井上準之助らが暗殺された事件を何というか。","血盟団事件"
72,11,"世界恐慌後、イギリスでとられた閉鎖的保護貿易政策を何というか。","ブロック経済圏(政策)"
72,12,"満州事変後の国家主義高揚の中で、社会主義・共産主義から国家社会主義への思想上の変節が強制的になされた。この変節のことを何というか。","転向"
72,13,"法人としての国家が主権の主体で、「君主は国家の最高機関なり」とする憲法学説を何というか。","天皇機関説"
72,14,"天皇機関説を説いて天皇主権説と対立し、貴族院議員を辞職させられた東大教授は誰か。","美濃部達吉"
72,15,"陸軍・右翼などの圧力により、岡田内閣は天皇機関説を否認する声明を出した。これを何というか。","国体明徴声明"
72,16,"1933年、その刑法学説が自由主義的であるとして休職させられた京大教授は誰か。","滝川幸辰"
72,17,"陸軍皇道派の青年将校が、首相官邸・警視庁を襲ったクーデタを何というか。","二・二六事件"
72,18,"二・二六事件は西暦何年の出来事か。","1936年"
72,19,"陸軍の青年将校に思想的影響を与え、事件鎮圧後、銃殺された右翼の巨頭は誰か。","北一輝"
72,20,"二・二六事件の事件後、首相となり、軍部大臣現役武官制を復活させたのは誰か。","広田弘毅"
73,1,"1933年にドイツで樹立された全体主義体制を何と呼ぶか。","ナチズム"
73,2,"1936年に形成されたドイツ・イタリア両国の協力関係を何と呼ぶか。","枢軸(ベルリン＝ローマ枢軸)"
73,3,"張学良が蔣介石を監禁し、内戦停止と抗日を要求した事件を何というか。","西安事件"
73,4,"日中戦争の発端となった、北京郊外でおきた日本軍と中国軍との衝突事件を何というか。","盧溝橋事件"
73,5,"盧溝橋事件は西暦何年の出来事か。","1937年"
73,6,"盧溝橋事件のあと、不拡大方針をとった首相は誰か。","近衛文麿"
73,7,"1937年、国民党と共産党が再度提携して抗日民族統一戦線が成立した。このことを何というか。","第2次国共合作"
73,8,"日本軍が国民政府の首都を占領した時、引きおこした略奪・暴行事件を何というか。","南京事件"
73,9,"宣戦布告なきこの戦争を、当時の日本政府は何と呼んだか。","北支事変(支那事変)"
73,10,"日・満・華の連帯をうたって近衛文麿が1938年11月3日に出した声明を何というか。","東亜新秩序声明"
73,11,"1940年に樹立された新国民政府の首班として、重慶から迎えられたのは誰か。","汪兆銘"
73,12,"日中戦争開始後、政府が国家主義・軍国主義を鼓吹し、国民に戦争協力をうながすために展開した運動を何というか。","国民精神総動員運動"
73,13,"政府が議会の承認なしに、人材・物的資源の統制運用ができるとした法律は何か。","国家総動員法"
73,14,"国家総動員法は西暦何年に出されたか。","1938年"
73,15,"国家総動員法にもとづき、国民を強制的に軍需工場に徴用できる勅令が出された。その勅令を何というか。","国民徴用令"
73,16,"国家総動員法にもとづき、公定価格制を導入し、経済統制を強化するための勅令が出された。その勅令を何というか。","価格等統制令"
73,17,"砂糖・マッチなど、生活必需品の消費を制限するためにとられた方法は何か。","切符制"
73,18,"総労働力を戦争に動員させる目的で、政府はいっさいの労働組合を解散させ、厚生大臣を総裁とする労働団体の全国組織をつくった。これを何というか。","大日本産業報国会"
73,19,"大日本産業報国会は西暦何年に設立されたか。","1940年"
73,20,"政府の大陸政策を批判したため、1937年に大学を追われた東京帝国大学教授は誰か。","矢内原忠雄"
74,1,"1940年、近衛文麿首相が中心となり、諸政党を解党・吸収して創立した政治組織は何か。","大政翼賛会"
74,2,"ドイツがポーランドに侵攻を開始し、第二次世界大戦が始まったのは西暦何年か。","1939年"
74,3,"米・英から重慶の国民政府への物資輸入路を何というか。","援蔣ルート"
74,4,"援蔣ルートを遮断する目的で、フランス領インドシナ北部へ軍を進めたたことを何というか。","北部仏印進駐"
74,5,"アメリカを仮想敵国とし、日・独・伊が政治的・軍事的な相互援助を約した協定は何か。","日独伊三国同盟"
74,6,"北部仏印進駐・日独伊三国同盟は西暦何年の出来事か。","1940年"
74,7,"日本とソ連が中立友好・領土保全・不可侵を約した条約は何か。","日ソ中立条約"
74,8,"1939年と同じ年に、日本はフランス領インドシナ南部に軍を進めた。西暦何年のことか。","1941年"
74,9,"日米交渉で、米国務長官の示した最後提案案を何というか。","ハル＝ノート"
74,10,"1941年10月に首相となり、戦争遂行のための独裁権を握ったのは誰か。","東条英機"
74,11,"太平洋戦争は何年に始まり、何年に終わったか。西暦で記せ。","a1941年b1945年"
74,12,"日本側の戦局が不利に展開し、敗戦の岐路ともなった1942年の戦いを何と呼ぶか。","ミッドウェー海戦"
74,13,"欧米列強の支配からアジアを解放し、日本を中心とした共存共栄をはかることが戦争の目標であるとして発表したスローガンを記せ。","大東亜共栄圏"
74,14,"大東亜共栄圏の地域の結束を誇示しようと、満州国・南京政府・タイなどの首脳が東京に集められた会議を何というか。","大東亜会議"
74,15,"市部の学童を集団的に疎開させ、地方の旅館や寺院などに移住させたことを何というか。","学童疎開"
74,16,"戦争終結の条件を模索し、無条件降伏を実現して終戦を導いた内閣の総理大臣は誰か。","鈴木貫太郎"
74,17,"戦時中、東条・中の3巨頭が対戦について協議し、発表された宣言は何か。","カイロ宣言"
74,18,"1945年、米・英・ソの3巨頭がクリミア半島で会談して結んだ協定は何か。","ヤルタ秘密協定"
74,19,"カイロ宣言の会談に出席した、米(ロ)、英(ウィン)、ソ(ス)の3巨頭は誰か。","aローズヴェルトbチャーチルcスターリン"
74,20,"1945年、米・英・中の3国の名で、日本の戦後処理方針と日本軍の無条件降伏勧告からなる宣言が発表された。この宣言を何というか。","ポツダム宣言"
75,1,"ポツダム宣言にもとづき、日本占領のために設けられた最高司令部を何というか。","連合国(軍)最高司令官総司令部(GHQ)"
75,2,"その最高司令官となり、戦後の日本を統治したアメリカ軍人は誰か。","マッカーサー"
75,3,"連合国の占領政策決定の最高機関で、米・英・ソなど11か国からなるものは何か。","極東委員会"
75,4,"最高指揮官の略語関係機関として、米・英・ソ・中で構成されたものは何か。","対日理事会"
75,5,"降伏文書に調印し、降伏文書の調印ならびに終戦処理に当たった首相は誰か。","東久邇宮稔彦"
75,6,"東久邇宮稔彦のあとを受け、憲法草案の作成、新選挙法による選挙を実施した首相は誰か。","幣原喜重郎"
75,7,"東京裁判にA級戦犯28人に対する、連合国の裁判を何というか。","東京裁判"
75,8,"政・財・官界などの公職から、陸海軍軍人・超国家主義者を排除した指令を何というか。","公職追放"
75,9,"1945年に2が6に対して指示した、労働組合の結成奨励、教育制度の自由主義的改革などの5項目のことを何というか。","五大改革"
75,10,"五大改革の指令でおこなわれた、寄生地主制を除去し、安定した自作農経営を大量に創出することを目的とした改革を何というか。","農地改革"
75,11,"五大改革の指令で、三井・三菱などの資産凍結・株式の整理などがおこなわれた。これを何というか。","財閥解体"
75,12,"1947年制定の、持株会社やカルテル・トラストなどを禁止する法律は何か。","独占禁止法"
75,13,"1947年制定の、巨大独占企業の分割を命じる法律は何か。","過度経済力集中排除法"
75,14,"1947年制定の、労働条件の最低基準を規定した法律は何か。","労働基準法"
75,15,"1945年制定の、労働組合の団結権・団体交渉権・争議権の保障などを含む法律は何か。","労働組合法"
75,16,"1946年制定の、議員選挙方法や争議行為の制限を規定した法律は何か。","労働関係調節法"
75,17,"1947年制定の、教育の機会均等・義務教育9年・男女共学などを規定した法律","教育基本法"
75,18,"1947年制定の、6・3・3・4制の新学制などを規定した法律は何か。","学校教育法"
75,19,"戦後、教育行政の地方分権化を目指して都道府県と市町村に設置されたものは何か。","教育委員会"
75,20,"1946年、天皇の神格を否定する詔書が出された。これを何というか。","人間宣言"
76,1,"日本国憲法が施行された西暦(①)と月日(②)を記せ。","a1947年b5月3日"
76,2,"日本国憲法で明示された天皇の地位を記せ。","象徴"
76,3,"日本国憲法第9条の主旨を記せ。","戦争放棄"
76,4,"日本国憲法の3原則を記せ。","主権在民・平和主義・基本的人権の尊重"
76,5,"新選挙法にもとづく最初の衆議院議員総選挙は西暦何年におこなわれたか。","1946年"
76,6,"1945年に制定された新選挙法は歴史的にみて、従来のものと画期的な違いがみられる。何が認められたか。","女性参政権"
76,7,"1945年に制定された新選挙法で、選挙権の年齢資格は満何歳以上になったか。","20歳"
76,8,"新選挙法にもとづく初の総選挙で、第一党になった政党の名を記せ。","日本自由党"
76,9,"日本自由党の総裁で、戦後初の政党内閣を組織したのは誰か。","吉田茂"
76,10,"吉田茂に協力して運立内閣を組織した、もう1つの保守政党の名を記せ。","日本進捗党"
76,11,"旧無産政党系を統合して、戦後に結成された政党の名を記せ。","日本社会党"
76,12,"徳田球一・志賀義雄らが1945年に合法政党として活動を再開した政党の名を記せ。","日本共産党"
76,13,"1947年の総選挙で第一党となり、初の社会主義政党内閣を実現した首相は誰か。","片山哲"
76,14,"片山哲のあと民主党総裁が組閣したが、昭和電工事件で退陣した。この総裁は誰か。","芦田均"
76,15,"幣原喜重郎内閣がインフレ抑制のため貨幣流通量を減らそうとして出した法令を記せ。","金融緊急措置令"
76,16,"金融緊急措置令が出されたのは西暦何年のことか。","1946年"
76,17,"内閣の時、資材と資金を石炭・鉄鋼などの重要産業部門に集中する方針が閣議決定された。この政策を何というか。","傾斜生産方式"
76,18,"傾斜生産方式が閣議決定されたのは西暦何年のことか。","1946年"
76,19,"石炭・鉄鋼など基幹産業復興のため、1947年に設立された政府の金融機関は何か。","復興金融金庫(復金)"
76,20,"戦後まもなく、全国的規模のゼネスト・ストライキ、いわゆる二・一ゼネストが計画されたが、GHQの命令で中止された。その西暦年(①)と月日(②)を記せ。","a1947年b2月1日"
77,1,"第二次世界大戦後、アメリカ国務長官が発表したヨーロッパの経済復興援助計画を何というか。","マーシャル＝プラン"
77,2,"アメリカと西欧諸国が1949年に結成した共同防衛組織を何というか。","北大西洋条約機構(NATO)"
77,3,"ソ連と東欧7か国が1955年に結成した共同防衛組織を何というか。","ワルシャワ条約機構"
77,4,"第二次世界大戦後、国内戦に勝利した中国共産党が北京に樹立した国家名を記せ。","中華人民共和国"
77,5,"中華人民共和国の成立は西暦何年か。","1949年"
77,6,"第二次世界大戦後、朝鮮半島のアメリカ占領地域に建国された国名を記せ。","大韓民国"
77,7,"第二次世界大戦後、ソ連の占領地域に建国された国名を記せ。","朝鮮民主主義人民共和国"
77,8,"日本経済自立のため、GHQは総予算の均衡・徴税の強化・物価の統制など9項目を実行するように指令した。これを何というか。","経済安定九原則"
77,9,"経済安定九原則を具体化した政策案で、デトロイト銀行頭取を招いて立案したものを何というか。","ドッジ＝ライン"
77,10,"1949年に設定された単一為替レートでは、1ドルがいくらであったか。","360円"
77,11,"アメリカの税制専門家シャウプによってなされた、税制改革勧告を何というか。","シャウプ勧告"
77,12,"1948年から1954年まで連続して内閣を組織し、対米協調・経済復興を主眼とした政策を実施した首相は誰か。","吉田茂"
77,13,"朝鮮戦争は西暦何年に始まり、何年に休戦となったか。","a1950年b1953年"
77,14,"朝鮮戦争中にGHQの指令で日本に創設された治安部隊は何か。","警察予備隊"
77,15,"朝鮮戦争勃発の頃からおこなわれた、共産主義者追放のことを何というか。","レッド＝パージ"
77,16,"第二次世界大戦後、日本と48か国とのあいだで調印された平和条約を何というか。","サンフランシスコ平和条約"
77,17,"サンフランシスコ平和条約と同日に調印された、日本とアメリカとのあいだの条約を何というか。","日米安全保障条約(安保条約)"
77,18,"サンフランシスコ平和条約・日米安全保障条約(安保条約)が調印されたのは西暦何年か。","1951年"
77,19,"1949年に日本で初めてノーベル賞を受賞したのは誰か。","湯川秀樹"
77,20,"法律案審議整理の焼損をきっかけに、1950年に制定された法律は何か。","文化財保護法"
78,1,"「雪どけ」の中、1963年に米・英・ソの3か国が調印した核実験に関する条約は何か。","部分的核実験禁止条約"
78,2,"平和共存路線を打ち出し、アメリカのアイゼンハワー大統領と首脳会談をしたソ連の首相は誰か。","フルシチョフ"
78,3,"1967年、西欧6か国はEECを発展させた統合組織を結成した。これを何というか。","ヨーロッパ共同体(EC)"
78,4,"インドネシアのバンドンに29の新興独立国家が結集し、平和共存・反植民地主義など平和十原則を決議した会議を何というか。","アジア＝アフリカ会議(バンドン会議)"
78,5,"アジア＝アフリカ会議(バンドン会議)は西暦何年に開催されたか。","1955年"
78,6,"1952年に暴力主義的破壊活動の規制を目的とした法律が成立した。その法律を記せ。","破壊活動防止法(破防法)"
78,7,"1954年、防衛協力を念頭にアメリカと締結された協定を記せ。","MSA協定"
78,8,"1954年に発足した、陸・海・空の3隊からなる組織を何というか。","自衛隊"
78,9,"1955年の保守二大政党制現以降、40年間近く続いた政治体制を何というか。","55年体制"
78,10,"日米とソ連の国交回復を実現した宣言を何というか。","日ソ共同宣言"
78,11,"日米とソ連の国交回復を実現した首相は誰か。","鳩山一郎"
78,12,"日米安全保障条約の改定に取り組んだ首相は誰か。","岸信介"
78,13,"所得倍増スローガンに、高度経済成長を促進する政策をとった首相は誰か。","池田勇人"
78,14,"日本と大韓民国とのあいだの国交樹立を果たした条約を記せ。","日韓基本条約"
78,15,"沖縄返還協定が発効し、沖縄の日本復帰が実現したのは西暦何年か。","1972年"
78,16,"日韓基本条約の締結と沖縄の日本復帰を実現させた首相は誰か。","佐藤栄作"
78,17,"全国水平社を継承して結成された部落解放全国委員会は、1955年に名称を改めた。新しい名称を記せ。","部落解放同盟"
78,18,"同和対策審議会の答申に基づいて、1969年に施行された法律を記せ。","同和対策事業特別措置法"
78,19,"新潟水俣病・イタイイタイ病・水俣病の被害者が、企業に損害賠償を求めた訴訟を何というか。","四大公害訴訟"
78,20,"1967年、公害の規制や企業・行政の責務を明らかにするために制定された法律は何か。","公害対策基本法"
79,1,"ベトナム和平協定が成立して、アメリカがベトナムから撤退したのは西暦何年か。","1973年"
79,2,"1960年代の後半、アメリカの国際収支が著しく悪化し、金準備も減少していった。この状況を何というか。","ドル危機"
79,3,"1975年に開催された、アメリカ・日本・西ドイツ・イギリス・フランス・イタリア6か国首脳による経済成長や貿易・通貨問題などを調整する会議を何というか。","先進国首脳会議(サミット)"
79,4,"みずから訪中して日中共同声明を発表し、日中国交正常化を実現した首相は誰か。","田中角栄"
79,5,"その日中国交正常化は西暦何年に実現したか。","1972年"
79,6,"アメリカ大企業の航空機リベート汚職をめぐる収賄容疑で、田中角栄が逮捕された事件を何というか。","ロッキード事件"
79,7,"1978年に日中平和友好条約を締結した時の首相は誰か。","福田赳夫"
79,8,"行政改革を推進し、電電公社・専売公社・国鉄の民営化を断行した首相は誰か。","中曽根康弘"
79,9,"中曽根康弘が導入をはかり、次の内閣で実現した大型間接税を何というか。","消費税"
79,10,"消費税を実現したが、リクルート事件の疑惑の中で退陣した首相は誰か。","竹下登"
79,11,"全国大日本労働組合連合会に継承され合流し、1989年に結成された組合組織を記せ。","日本労働組合総連合会(連合)"
79,12,"日本の貿易黒字の大幅拡大で、欧米諸国とのあいだに発生した現象を何というか。","貿易摩擦"
79,13,"ペレストロイカを訴え、政治・社会の自由化を進めたソ連指導者は誰か。","ゴルバチョフ"
79,14,"ゴルバチョフが1987年に締結した、全廃条約の名称を答えよ。","中距離核戦力(INF)全廃条約"
79,15,"東西ドイツが統一を実現したのは西暦何年か。","1990年"
79,16,"クウェートに侵攻したイラクに対して、アメリカが軍を主力とする「多国籍軍」が国連決議を背景に武力制裁を加えた戦争を何というか。","湾岸戦争"
79,17,"1992年、宮沢喜一内閣のもとで成立した、自衛隊の海外派遣関連法の名称を記せ。","国連平和維持活動(PKO)協力法"
79,18,"1994年に衆議院に導入された新しい選挙制度は何か。","小選挙区比例代表並立制"
79,19,"1985年のG5でドル高是正のための介入が合意された。このことを何というか。","プラザ合意"
79,20,"1986年から始まった、実態とかけ離れた地価や株価の高騰による経済を何というか。","バブル経済"
